bucket,object_key,size_bytes,created_at,affected_armor_versions
iad-ci,"forgejo/wal/basebackups_005/base_000000010000000000000002/tar_partitions/part_001.tar.lz4",5801355,2026-05-11T02:06:42.677000+00:00,"0.1.16"
iad-ci,"forgejo/wal/basebackups_005/base_0000000100000000000000BD/tar_partitions/part_001.tar.lz4",6282579,2026-05-16T09:31:40.870000+00:00,"0.1.24"
iad-kalshi,"raw/2026-05-18/13/ws.jsonl.gz",8392768,2026-05-18T14:00:32.628000+00:00,"0.1.24"
iad-kalshi,"raw/2026-05-18/14/ws.jsonl.gz",8392768,2026-05-18T15:00:32.227000+00:00,"0.1.24"
iad-kalshi,"raw/2026-05-18/15/ws.jsonl.gz",8392768,2026-05-18T16:00:31.184000+00:00,"0.1.24"
iad-kalshi,"raw/2026-05-18/16/ws.jsonl.gz",8392768,2026-05-18T17:00:34.004000+00:00,"0.1.24"
iad-kalshi,"raw/2026-05-18/17/ws.jsonl.gz",8392768,2026-05-18T18:00:32.568000+00:00,"0.1.24"
iad-kalshi,"raw/2026-05-18/18/ws.jsonl.gz",8392768,2026-05-18T19:00:32.788000+00:00,"0.1.24"
iad-kalshi,"raw/2026-05-18/19/ws.jsonl.gz",8392768,2026-05-18T20:00:33.451000+00:00,"0.1.24"
iad-kalshi,"raw/2026-05-18/21/ws.jsonl.gz",24962945,2026-05-19T02:00:05.440000+00:00,"0.1.24"
iad-kalshi,"raw/2026-05-19/01/ws.jsonl.gz",9757382,2026-05-19T02:00:15.652000+00:00,"0.1.24"
iad-kalshi,"parquet/2026-05-19/01/orderbook_delta.parquet",8889084,2026-05-19T02:00:40.760000+00:00,"0.1.24"
iad-kalshi,"parquet/2026-05-18/21/orderbook_delta.parquet",24482850,2026-05-19T02:00:59.289000+00:00,"0.1.24"
iad-kalshi,"raw/2026-05-18/22/ws.jsonl.gz",25080186,2026-05-19T02:01:14.269000+00:00,"0.1.24"
iad-kalshi,"parquet/2026-05-18/22/orderbook_delta.parquet",25653750,2026-05-19T02:02:21.810000+00:00,"0.1.24"
iad-kalshi,"raw/2026-05-18/23/ws.jsonl.gz",17790212,2026-05-19T02:02:32.173000+00:00,"0.1.24"
iad-kalshi,"parquet/2026-05-18/23/orderbook_delta.parquet",16890626,2026-05-19T02:02:55.509000+00:00,"0.1.24"
iad-kalshi,"raw/2026-05-19/02/ws.jsonl.gz",10853086,2026-05-19T03:00:15.151000+00:00,"0.1.24"
iad-kalshi,"parquet/2026-05-19/02/orderbook_delta.parquet",10459937,2026-05-19T03:00:29.666000+00:00,"0.1.24"
iad-kalshi,"raw/2026-05-19/03/ws.jsonl.gz",8843537,2026-05-19T04:00:15.493000+00:00,"0.1.24"
iad-kalshi,"parquet/2026-05-19/03/orderbook_delta.parquet",8584255,2026-05-19T04:00:25.383000+00:00,"0.1.24"
iad-kalshi,"raw/2026-05-19/04/ws.jsonl.gz",12657902,2026-05-19T05:00:17.953000+00:00,"0.1.24"
iad-kalshi,"parquet/2026-05-19/04/orderbook_delta.parquet",12322233,2026-05-19T05:01:03.563000+00:00,"0.1.24"
iad-kalshi,"raw/2026-05-19/05/ws.jsonl.gz",17046184,2026-05-19T06:00:17.933000+00:00,"0.1.24"
iad-kalshi,"parquet/2026-05-19/05/orderbook_delta.parquet",16668012,2026-05-19T06:00:35.401000+00:00,"0.1.24"
iad-kalshi,"raw/2026-05-19/06/ws.jsonl.gz",12649514,2026-05-19T07:00:18.248000+00:00,"0.1.24"
iad-kalshi,"parquet/2026-05-19/06/orderbook_delta.parquet",12560678,2026-05-19T07:00:38.180000+00:00,"0.1.24"
iad-kalshi,"raw/2026-05-19/07/ws.jsonl.gz",16075119,2026-05-19T08:00:17.665000+00:00,"0.1.24"
iad-kalshi,"parquet/2026-05-19/07/orderbook_delta.parquet",16135928,2026-05-19T08:00:35.948000+00:00,"0.1.24"
iad-kalshi,"raw/2026-05-19/08/ws.jsonl.gz",15573349,2026-05-19T09:00:17.536000+00:00,"0.1.24"
iad-kalshi,"parquet/2026-05-19/08/orderbook_delta.parquet",15265569,2026-05-19T09:00:33.826000+00:00,"0.1.24"
iad-kalshi,"raw/2026-05-19/09/ws.jsonl.gz",13003235,2026-05-19T10:00:17.299000+00:00,"0.1.24"
iad-kalshi,"parquet/2026-05-19/09/orderbook_delta.parquet",13237649,2026-05-19T10:00:33.113000+00:00,"0.1.24"
iad-kalshi,"raw/2026-05-19/10/ws.jsonl.gz",15398472,2026-05-19T11:00:18.298000+00:00,"0.1.24"
iad-kalshi,"parquet/2026-05-19/10/orderbook_delta.parquet",15070638,2026-05-19T11:00:37.686000+00:00,"0.1.24"
iad-kalshi,"raw/2026-05-19/11/ws.jsonl.gz",19581572,2026-05-19T12:00:19.616000+00:00,"0.1.24"
iad-kalshi,"parquet/2026-05-19/11/orderbook_delta.parquet",18442543,2026-05-19T12:00:39.954000+00:00,"0.1.24"
iad-kalshi,"raw/2026-05-19/12/ws.jsonl.gz",20129369,2026-05-19T13:00:20.165000+00:00,"0.1.24"
iad-kalshi,"parquet/2026-05-19/12/orderbook_delta.parquet",19413691,2026-05-19T13:00:42.859000+00:00,"0.1.24"
iad-kalshi,"raw/2026-05-19/13/ws.jsonl.gz",17480021,2026-05-19T14:00:19.048000+00:00,"0.1.24"
iad-kalshi,"parquet/2026-05-19/13/orderbook_delta.parquet",16756664,2026-05-19T14:00:52.262000+00:00,"0.1.24"
iad-kalshi,"raw/2026-05-19/14/ws.jsonl.gz",18953351,2026-05-19T15:00:19.756000+00:00,"0.1.24"
iad-kalshi,"parquet/2026-05-19/14/orderbook_delta.parquet",18175552,2026-05-19T15:00:39.774000+00:00,"0.1.24"
iad-kalshi,"raw/2026-05-19/15/ws.jsonl.gz",19985735,2026-05-19T16:00:19.985000+00:00,"0.1.24"
iad-kalshi,"parquet/2026-05-19/15/orderbook_delta.parquet",19463710,2026-05-19T16:00:43.129000+00:00,"0.1.24"
iad-kalshi,"raw/2026-05-19/16/ws.jsonl.gz",22270443,2026-05-19T17:00:21.808000+00:00,"0.1.24"
iad-kalshi,"parquet/2026-05-19/16/orderbook_delta.parquet",21618730,2026-05-19T17:00:46.769000+00:00,"0.1.24"
iad-kalshi,"raw/2026-05-19/17/ws.jsonl.gz",24010094,2026-05-19T18:00:22.539000+00:00,"0.1.24"
iad-kalshi,"parquet/2026-05-19/17/orderbook_delta.parquet",23217345,2026-05-19T18:00:49.007000+00:00,"0.1.24"
iad-kalshi,"raw/2026-05-19/18/ws.jsonl.gz",24250580,2026-05-19T19:00:21.986000+00:00,"0.1.24"
iad-kalshi,"parquet/2026-05-19/18/orderbook_delta.parquet",24126153,2026-05-19T19:00:48.403000+00:00,"0.1.24"
iad-kalshi,"raw/2026-05-19/19/ws.jsonl.gz",22220166,2026-05-19T20:00:23.022000+00:00,"0.1.24"
iad-kalshi,"parquet/2026-05-19/19/orderbook_delta.parquet",22138220,2026-05-19T20:00:48.644000+00:00,"0.1.24"
iad-kalshi,"raw/2026-05-19/20/ws.jsonl.gz",19639835,2026-05-19T21:00:22.727000+00:00,"0.1.24"
iad-kalshi,"parquet/2026-05-19/20/orderbook_delta.parquet",19527335,2026-05-19T21:00:47.544000+00:00,"0.1.24"
iad-kalshi,"raw/2026-05-19/21/ws.jsonl.gz",10359844,2026-05-19T22:00:20.618000+00:00,"0.1.24"
iad-kalshi,"parquet/2026-05-19/21/orderbook_delta.parquet",10660055,2026-05-19T22:00:42.980000+00:00,"0.1.24"
iad-kalshi,"raw/2026-05-19/22/ws.jsonl.gz",8496462,2026-05-19T23:00:19.114000+00:00,"0.1.24"
iad-kalshi,"parquet/2026-05-19/22/orderbook_delta.parquet",8817174,2026-05-19T23:00:33.245000+00:00,"0.1.24"
iad-kalshi,"raw/2026-05-19/00/ws.jsonl.gz",11610122,2026-05-20T02:00:02.773000+00:00,"0.1.24"
iad-kalshi,"parquet/2026-05-19/00/orderbook_delta.parquet",10869662,2026-05-20T02:00:16.261000+00:00,"0.1.24"
iad-kalshi,"raw/2026-05-21/11/ws.jsonl.gz",15136438,2026-05-21T12:00:22.560000+00:00,"0.1.24"
iad-kalshi,"parquet/2026-05-21/11/orderbook_delta.parquet",15722592,2026-05-21T12:00:41.668000+00:00,"0.1.24"
iad-kalshi,"raw/2026-05-21/12/ws.jsonl.gz",18181064,2026-05-21T13:00:22.071000+00:00,"0.1.24"
iad-kalshi,"parquet/2026-05-21/12/orderbook_delta.parquet",17945850,2026-05-21T13:00:42.800000+00:00,"0.1.24"
iad-kalshi,"raw/2026-05-21/13/ws.jsonl.gz",16740640,2026-05-21T14:00:21.610000+00:00,"0.1.24"
iad-kalshi,"parquet/2026-05-21/13/orderbook_delta.parquet",16972089,2026-05-21T14:00:39.140000+00:00,"0.1.24"
iad-kalshi,"raw/2026-05-21/14/ws.jsonl.gz",16343737,2026-05-21T15:00:21.806000+00:00,"0.1.24"
iad-kalshi,"parquet/2026-05-21/14/orderbook_delta.parquet",16370073,2026-05-21T15:00:39.631000+00:00,"0.1.24"
iad-kalshi,"raw/2026-05-21/15/ws.jsonl.gz",20238601,2026-05-21T16:00:21.511000+00:00,"0.1.24"
iad-kalshi,"parquet/2026-05-21/15/orderbook_delta.parquet",20507467,2026-05-21T16:00:44.276000+00:00,"0.1.24"
iad-kalshi,"raw/2026-05-21/16/ws.jsonl.gz",20835559,2026-05-21T17:00:22.847000+00:00,"0.1.24"
iad-kalshi,"parquet/2026-05-21/16/orderbook_delta.parquet",20907111,2026-05-21T17:00:49.687000+00:00,"0.1.24"
iad-kalshi,"raw/2026-05-21/17/ws.jsonl.gz",19227390,2026-05-21T18:00:21.004000+00:00,"0.1.24"
iad-kalshi,"parquet/2026-05-21/17/orderbook_delta.parquet",19258734,2026-05-21T18:00:40.580000+00:00,"0.1.24"
iad-kalshi,"raw/2026-05-21/18/ws.jsonl.gz",18459468,2026-05-21T19:00:21.573000+00:00,"0.1.24"
iad-kalshi,"parquet/2026-05-21/18/orderbook_delta.parquet",18932356,2026-05-21T19:00:39.863000+00:00,"0.1.24"
iad-kalshi,"raw/2026-05-21/19/ws.jsonl.gz",19450264,2026-05-21T20:00:22.307000+00:00,"0.1.24"
iad-kalshi,"parquet/2026-05-21/19/orderbook_delta.parquet",20061792,2026-05-21T20:00:44.444000+00:00,"0.1.24"
iad-kalshi,"raw/2026-05-21/20/ws.jsonl.gz",18632158,2026-05-21T21:00:21.574000+00:00,"0.1.24"
iad-kalshi,"parquet/2026-05-21/20/orderbook_delta.parquet",19334600,2026-05-21T21:00:41.480000+00:00,"0.1.24"
iad-kalshi,"raw/2026-05-21/21/ws.jsonl.gz",15326925,2026-05-21T22:00:20.875000+00:00,"0.1.24"
iad-kalshi,"parquet/2026-05-21/21/orderbook_delta.parquet",16019118,2026-05-21T22:00:42.015000+00:00,"0.1.24"
iad-kalshi,"raw/2026-05-21/22/ws.jsonl.gz",10742924,2026-05-21T23:00:20.514000+00:00,"0.1.24"
iad-kalshi,"parquet/2026-05-21/22/orderbook_delta.parquet",11511525,2026-05-21T23:00:33.778000+00:00,"0.1.24"
iad-kalshi,"raw/2026-05-21/23/ws.jsonl.gz",10547342,2026-05-22T00:00:21.166000+00:00,"0.1.24"
iad-kalshi,"parquet/2026-05-21/23/orderbook_delta.parquet",11139072,2026-05-22T00:00:32.212000+00:00,"0.1.24"
iad-kalshi,"raw/2026-05-22/00/ws.jsonl.gz",5800163,2026-05-22T01:00:20.787000+00:00,"0.1.24"
iad-kalshi,"parquet/2026-05-22/00/orderbook_delta.parquet",6061705,2026-05-22T01:00:32.037000+00:00,"0.1.24"
iad-kalshi,"parquet/2026-05-22/02/orderbook_delta.parquet",5533319,2026-05-22T03:00:27.264000+00:00,"0.1.24"
iad-kalshi,"raw/2026-05-22/03/ws.jsonl.gz",5420499,2026-05-22T04:00:19.929000+00:00,"0.1.24"
iad-kalshi,"parquet/2026-05-22/03/orderbook_delta.parquet",6136865,2026-05-22T04:00:28.391000+00:00,"0.1.24"
iad-kalshi,"raw/2026-05-22/04/ws.jsonl.gz",7592658,2026-05-22T05:00:20.450000+00:00,"0.1.24"
iad-kalshi,"parquet/2026-05-22/04/orderbook_delta.parquet",8558581,2026-05-22T05:00:31.622000+00:00,"0.1.24"
iad-kalshi,"raw/2026-05-22/05/ws.jsonl.gz",7182347,2026-05-22T06:00:20.390000+00:00,"0.1.24"
iad-kalshi,"parquet/2026-05-22/05/orderbook_delta.parquet",8297747,2026-05-22T06:00:28.691000+00:00,"0.1.24"
iad-ci,"forgejo/wal/basebackups_005/base_000000010000000500000060/tar_partitions/part_001.tar.lz4",6490587,2026-05-22T09:33:12.309000+00:00,"0.1.24"
iad-ci,"forgejo/cnpg/forgejo-postgres/base/20260525T190304/data.tar.gz",5247584,2026-05-25T19:03:32.899000+00:00,"0.1.24"
iad-ci,"forgejo/cnpg/forgejo-postgres/base/20260525T200303/data.tar.gz",5255539,2026-05-25T20:03:30.809000+00:00,"0.1.24"
iad-ci,"forgejo/cnpg/forgejo-postgres/base/20260525T210303/data.tar.gz",5257311,2026-05-25T21:03:26.306000+00:00,"0.1.24"
iad-ci,"forgejo/cnpg/forgejo-postgres/base/20260525T220302/data.tar.gz",5262027,2026-05-25T22:03:24.762000+00:00,"0.1.24"
iad-ci,"forgejo/cnpg/forgejo-postgres/base/20260525T230303/data.tar.gz",5263755,2026-05-25T23:03:31.624000+00:00,"0.1.24"
iad-ci,"forgejo/cnpg/forgejo-postgres/base/20260526T000303/data.tar.gz",5264504,2026-05-26T00:03:27.714000+00:00,"0.1.24"
iad-ci,"forgejo/cnpg/forgejo-postgres/base/20260526T010302/data.tar.gz",5265437,2026-05-26T01:03:26.671000+00:00,"0.1.24"
iad-ci,"forgejo/cnpg/forgejo-postgres/base/20260526T020303/data.tar.gz",5268378,2026-05-26T02:03:28.133000+00:00,"0.1.24"
iad-ci,"forgejo/cnpg/forgejo-postgres/base/20260526T030304/data.tar.gz",5271280,2026-05-26T03:03:29.310000+00:00,"0.1.24"
iad-ci,"forgejo/cnpg/forgejo-postgres/base/20260526T040303/data.tar.gz",5272094,2026-05-26T04:03:28.263000+00:00,"0.1.24"
iad-ci,"forgejo/cnpg/forgejo-postgres/base/20260526T050302/data.tar.gz",5271861,2026-05-26T05:03:27.020000+00:00,"0.1.24"
iad-ci,"forgejo/cnpg/forgejo-postgres/base/20260526T060301/data.tar.gz",5276517,2026-05-26T06:03:28.144000+00:00,"0.1.24"
iad-ci,"forgejo/cnpg/forgejo-postgres/base/20260526T070303/data.tar.gz",5277897,2026-05-26T07:03:29.262000+00:00,"0.1.24"
iad-ci,"forgejo/cnpg/forgejo-postgres/base/20260526T080302/data.tar.gz",5279784,2026-05-26T08:03:25.345000+00:00,"0.1.24"
iad-ci,"forgejo/cnpg/forgejo-postgres/base/20260526T090301/data.tar.gz",5279672,2026-05-26T09:03:23.068000+00:00,"0.1.24"
iad-ci,"forgejo/cnpg/forgejo-postgres/base/20260526T100302/data.tar.gz",5279764,2026-05-26T10:03:27.710000+00:00,"0.1.24"
iad-ci,"forgejo/cnpg/forgejo-postgres/base/20260526T110302/data.tar.gz",5279804,2026-05-26T11:03:23.258000+00:00,"0.1.24"
iad-ci,"forgejo/cnpg/forgejo-postgres/base/20260526T120302/data.tar.gz",5282271,2026-05-26T12:03:24.606000+00:00,"0.1.24"
iad-ci,"forgejo/cnpg/forgejo-postgres/base/20260526T130302/data.tar.gz",5285189,2026-05-26T13:03:27.809000+00:00,"0.1.24"
iad-ci,"forgejo/cnpg/forgejo-postgres/base/20260526T140304/data.tar.gz",5293014,2026-05-26T14:03:28.846000+00:00,"0.1.24"
iad-ci,"forgejo/cnpg/forgejo-postgres/base/20260526T150302/data.tar.gz",5295379,2026-05-26T15:03:31.752000+00:00,"0.1.24"
iad-ci,"forgejo/cnpg/forgejo-postgres/base/20260526T160302/data.tar.gz",5295893,2026-05-26T16:03:28.639000+00:00,"0.1.24"
iad-ci,"forgejo/cnpg/forgejo-postgres/base/20260526T170302/data.tar.gz",5298316,2026-05-26T17:03:28.567000+00:00,"0.1.24"
iad-ci,"forgejo/cnpg/forgejo-postgres/base/20260526T180302/data.tar.gz",5307004,2026-05-26T18:03:26.551000+00:00,"0.1.24"
iad-ci,"forgejo/cnpg/forgejo-postgres/base/20260526T190302/data.tar.gz",5307800,2026-05-26T19:03:25.300000+00:00,"0.1.24"
iad-ci,"forgejo/cnpg/forgejo-postgres/base/20260526T200302/data.tar.gz",5310297,2026-05-26T20:03:28.976000+00:00,"0.1.24"
iad-ci,"forgejo/cnpg/forgejo-postgres/base/20260526T210302/data.tar.gz",5314170,2026-05-26T21:03:30.547000+00:00,"0.1.24"
iad-ci,"forgejo/cnpg/forgejo-postgres/base/20260526T220302/data.tar.gz",5342553,2026-05-26T22:03:31.263000+00:00,"0.1.24"
iad-ci,"forgejo/cnpg/forgejo-postgres/base/20260526T230303/data.tar.gz",5349349,2026-05-26T23:03:39.580000+00:00,"0.1.24"
iad-ci,"forgejo/cnpg/forgejo-postgres/base/20260527T000302/data.tar.gz",5354328,2026-05-27T00:03:29.146000+00:00,"0.1.24"
iad-ci,"forgejo/cnpg/forgejo-postgres/base/20260527T010302/data.tar.gz",5362845,2026-05-27T01:03:34.050000+00:00,"0.1.24"
iad-ci,"forgejo/cnpg/forgejo-postgres/base/20260527T020302/data.tar.gz",5374964,2026-05-27T02:03:28.826000+00:00,"0.1.24"
iad-ci,"forgejo/cnpg/forgejo-postgres/base/20260527T030302/data.tar.gz",5379698,2026-05-27T03:03:27.348000+00:00,"0.1.24"
iad-ci,"forgejo/cnpg/forgejo-postgres/base/20260527T040303/data.tar.gz",5379496,2026-05-27T04:03:27.697000+00:00,"0.1.24"
iad-ci,"forgejo/cnpg/forgejo-postgres/base/20260527T050307/data.tar.gz",5379537,2026-05-27T05:03:33.575000+00:00,"0.1.24"
iad-ci,"forgejo/cnpg/forgejo-postgres/base/20260527T060302/data.tar.gz",5379619,2026-05-27T06:03:27.478000+00:00,"0.1.24"
iad-ci,"forgejo/cnpg/forgejo-postgres/base/20260527T070302/data.tar.gz",5379639,2026-05-27T07:03:28.104000+00:00,"0.1.24"
iad-ci,"forgejo/cnpg/forgejo-postgres/base/20260527T080302/data.tar.gz",5379620,2026-05-27T08:03:25.764000+00:00,"0.1.24"
iad-ci,"forgejo/cnpg/forgejo-postgres/base/20260527T090302/data.tar.gz",5379718,2026-05-27T09:03:25.826000+00:00,"0.1.24"
iad-ci,"forgejo/cnpg/forgejo-postgres/base/20260527T100302/data.tar.gz",5379771,2026-05-27T10:03:25.912000+00:00,"0.1.24"
iad-ci,"forgejo/cnpg/forgejo-postgres/base/20260527T110302/data.tar.gz",5379666,2026-05-27T11:03:24.423000+00:00,"0.1.24"
iad-ci,"forgejo/cnpg/forgejo-postgres/base/20260527T120302/data.tar.gz",5379799,2026-05-27T12:03:28.748000+00:00,"0.1.24"
iad-ci,"forgejo/cnpg/forgejo-postgres/base/20260527T130303/data.tar.gz",5379819,2026-05-27T13:03:28.869000+00:00,"0.1.24"
iad-ci,"forgejo/cnpg/forgejo-postgres/base/20260528T123223/data.tar.gz",5485821,2026-05-28T12:32:49.963000+00:00,"0.1.24"
iad-ci,"forgejo/cnpg/forgejo-postgres/base/20260528T130302/data.tar.gz",5486439,2026-05-28T13:03:27.017000+00:00,"0.1.24"
iad-ci,"forgejo/cnpg/forgejo-postgres/base/20260528T140302/data.tar.gz",5486220,2026-05-28T14:03:27.589000+00:00,"0.1.24"
iad-ci,"forgejo/cnpg/forgejo-postgres/base/20260528T150306/data.tar.gz",5486649,2026-05-28T15:03:33.459000+00:00,"0.1.24"
iad-ci,"forgejo/cnpg/forgejo-postgres/base/20260528T160301/data.tar.gz",5486740,2026-05-28T16:03:26.736000+00:00,"0.1.24"
iad-ci,"forgejo/cnpg/forgejo-postgres/base/20260528T170301/data.tar.gz",5488330,2026-05-28T17:03:27.359000+00:00,"0.1.24"
iad-ci,"forgejo/cnpg/forgejo-postgres/base/20260528T180301/data.tar.gz",5491634,2026-05-28T18:03:30.166000+00:00,"0.1.24"
iad-ci,"forgejo/cnpg/forgejo-postgres/base/20260528T190302/data.tar.gz",5493832,2026-05-28T19:03:28.016000+00:00,"0.1.24"
iad-ci,"forgejo/cnpg/forgejo-postgres/base/20260528T200302/data.tar.gz",5493732,2026-05-28T20:03:27.429000+00:00,"0.1.24"
iad-ci,"forgejo/cnpg/forgejo-postgres/base/20260528T210302/data.tar.gz",5493953,2026-05-28T21:03:27.082000+00:00,"0.1.24"
iad-ci,"forgejo/cnpg/forgejo-postgres/base/20260528T220302/data.tar.gz",5494030,2026-05-28T22:03:27.018000+00:00,"0.1.24"
iad-ci,"forgejo/cnpg/forgejo-postgres/base/20260528T230304/data.tar.gz",5493903,2026-05-28T23:03:32.924000+00:00,"0.1.24"
iad-ci,"forgejo/cnpg/forgejo-postgres/base/20260529T000302/data.tar.gz",5494899,2026-05-29T00:03:27.023000+00:00,"0.1.24"
iad-ci,"forgejo/cnpg/forgejo-postgres/base/20260529T010302/data.tar.gz",5497118,2026-05-29T01:03:30.073000+00:00,"0.1.24"
iad-ci,"forgejo/cnpg/forgejo-postgres/base/20260529T020302/data.tar.gz",5498218,2026-05-29T02:03:32.496000+00:00,"0.1.24"
iad-ci,"forgejo/cnpg/forgejo-postgres/base/20260529T030302/data.tar.gz",5498184,2026-05-29T03:03:29.236000+00:00,"0.1.24"
iad-ci,"forgejo/cnpg/forgejo-postgres/base/20260529T040302/data.tar.gz",5498226,2026-05-29T04:03:27.314000+00:00,"0.1.24"
iad-ci,"forgejo/cnpg/forgejo-postgres/base/20260529T050302/data.tar.gz",5499646,2026-05-29T05:03:29.978000+00:00,"0.1.24"
iad-ci,"forgejo/cnpg/forgejo-postgres/base/20260529T060303/data.tar.gz",5501670,2026-05-29T06:03:28.462000+00:00,"0.1.24"
iad-ci,"forgejo/cnpg/forgejo-postgres/base/20260529T070302/data.tar.gz",5501274,2026-05-29T07:03:31.320000+00:00,"0.1.24"
iad-ci,"forgejo/cnpg/forgejo-postgres/base/20260529T080302/data.tar.gz",5501530,2026-05-29T08:03:28.024000+00:00,"0.1.24"
iad-ci,"forgejo/cnpg/forgejo-postgres/base/20260529T090302/data.tar.gz",5501617,2026-05-29T09:03:26.776000+00:00,"0.1.24"
iad-ci,"forgejo/cnpg/forgejo-postgres/base/20260529T100301/data.tar.gz",5501784,2026-05-29T10:03:32.726000+00:00,"0.1.24"
iad-ci,"forgejo/cnpg/forgejo-postgres/base/20260529T110302/data.tar.gz",5501229,2026-05-29T11:03:29.252000+00:00,"0.1.24"
iad-ci,"forgejo/cnpg/forgejo-postgres/base/20260529T120302/data.tar.gz",5501430,2026-05-29T12:03:27.441000+00:00,"0.1.24"
iad-ci,"forgejo/cnpg/forgejo-postgres/base/20260529T130302/data.tar.gz",5501395,2026-05-29T13:03:30.459000+00:00,"0.1.24"
iad-ci,"forgejo/cnpg/forgejo-postgres/base/20260529T140303/data.tar.gz",5502976,2026-05-29T14:03:30.107000+00:00,"0.1.24"
iad-ci,"forgejo/cnpg/forgejo-postgres/base/20260529T150302/data.tar.gz",5502837,2026-05-29T15:03:27.603000+00:00,"0.1.24"
iad-ci,"forgejo/cnpg/forgejo-postgres/base/20260529T160302/data.tar.gz",5502947,2026-05-29T16:03:27.551000+00:00,"0.1.24"
iad-ci,"forgejo/cnpg/forgejo-postgres/base/20260529T170302/data.tar.gz",5502981,2026-05-29T17:03:29.105000+00:00,"0.1.24"
iad-ci,"forgejo/cnpg/forgejo-postgres/base/20260529T180302/data.tar.gz",5502984,2026-05-29T18:03:27.768000+00:00,"0.1.24"
iad-ci,"forgejo/cnpg/forgejo-postgres/base/20260529T190301/data.tar.gz",5502886,2026-05-29T19:03:27.929000+00:00,"0.1.24"
iad-ci,"forgejo/cnpg/forgejo-postgres/base/20260529T200302/data.tar.gz",5502977,2026-05-29T20:03:28.781000+00:00,"0.1.24"
iad-ci,"forgejo/cnpg/forgejo-postgres/base/20260529T210303/data.tar.gz",5503027,2026-05-29T21:03:29.977000+00:00,"0.1.24"
iad-ci,"forgejo/cnpg/forgejo-postgres/base/20260529T220302/data.tar.gz",5503155,2026-05-29T22:03:28.128000+00:00,"0.1.24"
iad-ci,"forgejo/cnpg/forgejo-postgres/base/20260529T230302/data.tar.gz",5502927,2026-05-29T23:03:27.318000+00:00,"0.1.24"
iad-ci,"forgejo/cnpg/forgejo-postgres/base/20260530T000302/data.tar.gz",5503023,2026-05-30T00:03:27.274000+00:00,"0.1.24"
iad-ci,"forgejo/cnpg/forgejo-postgres/base/20260530T010302/data.tar.gz",5503070,2026-05-30T01:03:27.688000+00:00,"0.1.24"
iad-ci,"forgejo/cnpg/forgejo-postgres/base/20260530T020302/data.tar.gz",5503151,2026-05-30T02:03:32.258000+00:00,"0.1.24"
iad-ci,"forgejo/cnpg/forgejo-postgres/base/20260530T030301/data.tar.gz",5503014,2026-05-30T03:03:30.390000+00:00,"0.1.24"
iad-ci,"forgejo/cnpg/forgejo-postgres/base/20260530T040302/data.tar.gz",5503482,2026-05-30T04:03:28.684000+00:00,"0.1.24"
iad-ci,"forgejo/cnpg/forgejo-postgres/base/20260530T050302/data.tar.gz",5503482,2026-05-30T05:03:26.534000+00:00,"0.1.24"
iad-ci,"forgejo/cnpg/forgejo-postgres/base/20260530T060302/data.tar.gz",5503597,2026-05-30T06:03:26.303000+00:00,"0.1.24"
iad-ci,"forgejo/cnpg/forgejo-postgres/base/20260530T070302/data.tar.gz",5503488,2026-05-30T07:03:27.250000+00:00,"0.1.24"
iad-ci,"forgejo/cnpg/forgejo-postgres/base/20260530T080302/data.tar.gz",5503451,2026-05-30T08:03:26.942000+00:00,"0.1.24"
iad-ci,"forgejo/cnpg/forgejo-postgres/base/20260530T090302/data.tar.gz",5503586,2026-05-30T09:03:27.504000+00:00,"0.1.24"
iad-ci,"forgejo/cnpg/forgejo-postgres/base/20260530T100302/data.tar.gz",5503624,2026-05-30T10:03:29.747000+00:00,"0.1.24"
iad-ci,"forgejo/cnpg/forgejo-postgres/base/20260530T110302/data.tar.gz",5503581,2026-05-30T11:03:26.480000+00:00,"0.1.24"
iad-ci,"forgejo/cnpg/forgejo-postgres/base/20260530T120302/data.tar.gz",5503609,2026-05-30T12:03:26.689000+00:00,"0.1.24"
iad-ci,"forgejo/cnpg/forgejo-postgres/base/20260530T130302/data.tar.gz",5503633,2026-05-30T13:03:27.166000+00:00,"0.1.24"
iad-ci,"forgejo/cnpg/forgejo-postgres/base/20260530T140302/data.tar.gz",5508762,2026-05-30T14:03:37.791000+00:00,"0.1.24"
iad-ci,"forgejo/cnpg/forgejo-postgres/base/20260530T150304/data.tar.gz",5508523,2026-05-30T15:03:31.924000+00:00,"0.1.24"
iad-ci,"forgejo/cnpg/forgejo-postgres/base/20260530T160324/data.tar.gz",5508741,2026-05-30T16:05:23.698000+00:00,"0.1.24"
iad-ci,"forgejo/cnpg/forgejo-postgres/base/20260602T024636/data.tar.gz",5550779,2026-06-02T02:47:04.979000+00:00,"0.1.24"
iad-ci,"forgejo/cnpg/forgejo-postgres/base/20260602T030302/data.tar.gz",5550938,2026-06-02T03:03:31.076000+00:00,"0.1.24"
iad-ci,"forgejo/cnpg/forgejo-postgres/base/20260602T040302/data.tar.gz",5551670,2026-06-02T04:03:30.799000+00:00,"0.1.24"
iad-ci,"forgejo/cnpg/forgejo-postgres/base/20260602T050302/data.tar.gz",5552196,2026-06-02T05:03:27.822000+00:00,"0.1.24"
iad-ci,"forgejo/cnpg/forgejo-postgres/base/20260602T060302/data.tar.gz",5552229,2026-06-02T06:03:29.173000+00:00,"0.1.24"
iad-ci,"forgejo/cnpg/forgejo-postgres/base/20260602T070302/data.tar.gz",5552287,2026-06-02T07:03:29.354000+00:00,"0.1.24"
iad-ci,"forgejo/cnpg/forgejo-postgres/base/20260602T080302/data.tar.gz",5552325,2026-06-02T08:03:30.204000+00:00,"0.1.24"
iad-ci,"forgejo/cnpg/forgejo-postgres/base/20260602T090302/data.tar.gz",5552328,2026-06-02T09:03:27.677000+00:00,"0.1.24"
iad-ci,"forgejo/cnpg/forgejo-postgres/base/20260602T100303/data.tar.gz",5552338,2026-06-02T10:03:28.890000+00:00,"0.1.24"
iad-ci,"forgejo/cnpg/forgejo-postgres/base/20260602T110302/data.tar.gz",5552465,2026-06-02T11:03:30.443000+00:00,"0.1.24"
iad-ci,"forgejo/cnpg/forgejo-postgres/base/20260602T120302/data.tar.gz",5552527,2026-06-02T12:03:27.232000+00:00,"0.1.24"
iad-ci,"forgejo/cnpg/forgejo-postgres/base/20260602T130302/data.tar.gz",5552558,2026-06-02T13:03:27.923000+00:00,"0.1.24"
iad-ci,"forgejo/cnpg/forgejo-postgres/base/20260602T140302/data.tar.gz",5552493,2026-06-02T14:03:27.516000+00:00,"0.1.24"
iad-ci,"forgejo/cnpg/forgejo-postgres/base/20260602T150302/data.tar.gz",5552385,2026-06-02T15:03:29.987000+00:00,"0.1.24"
iad-ci,"forgejo/cnpg/forgejo-postgres/base/20260602T160302/data.tar.gz",5552431,2026-06-02T16:03:27.280000+00:00,"0.1.24"
iad-ci,"forgejo/cnpg/forgejo-postgres/base/20260602T170302/data.tar.gz",5552505,2026-06-02T17:03:29.570000+00:00,"0.1.24"
iad-ci,"forgejo/cnpg/forgejo-postgres/base/20260602T180302/data.tar.gz",5553433,2026-06-02T18:03:30.869000+00:00,"0.1.24"
iad-ci,"forgejo/cnpg/forgejo-postgres/base/20260602T190302/data.tar.gz",5553274,2026-06-02T19:03:31.636000+00:00,"0.1.24"
iad-ci,"forgejo/cnpg/forgejo-postgres/base/20260602T200302/data.tar.gz",5553488,2026-06-02T20:03:29.330000+00:00,"0.1.24"
iad-ci,"forgejo/cnpg/forgejo-postgres/base/20260602T210302/data.tar.gz",5553578,2026-06-02T21:03:31.049000+00:00,"0.1.24"
iad-ci,"forgejo/cnpg/forgejo-postgres/base/20260602T220302/data.tar.gz",5553182,2026-06-02T22:03:29.748000+00:00,"0.1.24"
iad-ci,"forgejo/cnpg/forgejo-postgres/base/20260602T230301/data.tar.gz",5555912,2026-06-02T23:03:27.845000+00:00,"0.1.24"
iad-ci,"forgejo/cnpg/forgejo-postgres/base/20260603T000302/data.tar.gz",5556205,2026-06-03T00:03:36.512000+00:00,"0.1.24"
iad-ci,"forgejo/cnpg/forgejo-postgres/base/20260603T010302/data.tar.gz",5558882,2026-06-03T01:03:28.703000+00:00,"0.1.24"
iad-ci,"forgejo/cnpg/forgejo-postgres/base/20260603T020302/data.tar.gz",5560708,2026-06-03T02:03:31.448000+00:00,"0.1.24"
iad-ci,"forgejo/cnpg/forgejo-postgres/base/20260603T030302/data.tar.gz",5560852,2026-06-03T03:03:29.765000+00:00,"0.1.24"
iad-ci,"forgejo/cnpg/forgejo-postgres/base/20260603T040302/data.tar.gz",5560892,2026-06-03T04:03:30.001000+00:00,"0.1.24"
iad-ci,"forgejo/cnpg/forgejo-postgres/base/20260603T050302/data.tar.gz",5561660,2026-06-03T05:03:28.665000+00:00,"0.1.24"
iad-ci,"forgejo/cnpg/forgejo-postgres/base/20260603T060302/data.tar.gz",5561485,2026-06-03T06:03:29.334000+00:00,"0.1.24"
iad-ci,"forgejo/cnpg/forgejo-postgres/base/20260603T070302/data.tar.gz",5561463,2026-06-03T07:03:26.481000+00:00,"0.1.24"
iad-ci,"forgejo/cnpg/forgejo-postgres/base/20260603T080302/data.tar.gz",5561493,2026-06-03T08:03:29.132000+00:00,"0.1.24"
iad-ci,"forgejo/cnpg/forgejo-postgres/base/20260603T090302/data.tar.gz",5561394,2026-06-03T09:03:27.672000+00:00,"0.1.24"
iad-ci,"forgejo/cnpg/forgejo-postgres/base/20260603T100302/data.tar.gz",5561468,2026-06-03T10:03:33.463000+00:00,"0.1.24"
iad-ci,"forgejo/cnpg/forgejo-postgres/base/20260603T110303/data.tar.gz",5561440,2026-06-03T11:03:29.701000+00:00,"0.1.24"
iad-ci,"forgejo/cnpg/forgejo-postgres/base/20260603T120301/data.tar.gz",5561476,2026-06-03T12:03:27.441000+00:00,"0.1.24"
iad-ci,"forgejo/cnpg/forgejo-postgres/base/20260603T130302/data.tar.gz",5561317,2026-06-03T13:03:28.895000+00:00,"0.1.24"
iad-ci,"forgejo/cnpg/forgejo-postgres/base/20260603T140302/data.tar.gz",5561142,2026-06-03T14:03:25.864000+00:00,"0.1.24"
iad-ci,"forgejo/cnpg/forgejo-postgres/base/20260603T150302/data.tar.gz",5561137,2026-06-03T15:03:28.375000+00:00,"0.1.24"
iad-ci,"forgejo/cnpg/forgejo-postgres/base/20260603T160302/data.tar.gz",5561152,2026-06-03T16:03:30.338000+00:00,"0.1.24"
iad-ci,"forgejo/cnpg/forgejo-postgres/base/20260603T170302/data.tar.gz",5561076,2026-06-03T17:03:27.592000+00:00,"0.1.24"
iad-ci,"forgejo/cnpg/forgejo-postgres/base/20260603T180302/data.tar.gz",5561936,2026-06-03T18:03:32.277000+00:00,"0.1.24"
iad-ci,"forgejo/cnpg/forgejo-postgres/base/20260603T190302/data.tar.gz",5562137,2026-06-03T19:03:34.433000+00:00,"0.1.24"
iad-ci,"forgejo/cnpg/forgejo-postgres/base/20260603T200303/data.tar.gz",5562752,2026-06-03T20:03:28.881000+00:00,"0.1.24"
iad-ci,"forgejo/cnpg/forgejo-postgres/base/20260603T210302/data.tar.gz",5562377,2026-06-03T21:03:28.250000+00:00,"0.1.24"
iad-ci,"forgejo/cnpg/forgejo-postgres/base/20260603T220302/data.tar.gz",5561319,2026-06-03T22:03:34.542000+00:00,"0.1.24"
iad-ci,"forgejo/cnpg/forgejo-postgres/base/20260603T230302/data.tar.gz",5561564,2026-06-03T23:03:30.448000+00:00,"0.1.24"
iad-ci,"forgejo/cnpg/forgejo-postgres/base/20260604T000302/data.tar.gz",5562373,2026-06-04T00:03:31.160000+00:00,"0.1.24"
iad-ci,"forgejo/cnpg/forgejo-postgres/base/20260604T010302/data.tar.gz",5562105,2026-06-04T01:03:32.310000+00:00,"0.1.24"
iad-ci,"forgejo/cnpg/forgejo-postgres/base/20260604T020302/data.tar.gz",5562184,2026-06-04T02:03:31.854000+00:00,"0.1.24"
iad-ci,"forgejo/cnpg/forgejo-postgres/base/20260604T030302/data.tar.gz",5564376,2026-06-04T03:03:33.200000+00:00,"0.1.24"
iad-ci,"forgejo/cnpg/forgejo-postgres/base/20260604T040302/data.tar.gz",5576668,2026-06-04T04:03:39.507000+00:00,"0.1.24"
iad-ci,"forgejo/cnpg/forgejo-postgres/base/20260604T050302/data.tar.gz",5577528,2026-06-04T05:03:34.092000+00:00,"0.1.24"
iad-ci,"forgejo/cnpg/forgejo-postgres/base/20260604T060302/data.tar.gz",5582268,2026-06-04T06:03:39.508000+00:00,"0.1.24"
iad-ci,"forgejo/cnpg/forgejo-postgres/base/20260604T070303/data.tar.gz",5583474,2026-06-04T07:03:38.642000+00:00,"0.1.24"
iad-ci,"forgejo/cnpg/forgejo-postgres/base/20260604T080303/data.tar.gz",5583560,2026-06-04T08:03:31.176000+00:00,"0.1.24"
iad-ci,"forgejo/cnpg/forgejo-postgres/base/20260604T090302/data.tar.gz",5583946,2026-06-04T09:03:35.725000+00:00,"0.1.24"
iad-ci,"forgejo/cnpg/forgejo-postgres/base/20260604T100307/data.tar.gz",5584529,2026-06-04T10:03:38.720000+00:00,"0.1.24"
iad-ci,"forgejo/cnpg/forgejo-postgres/base/20260604T110303/data.tar.gz",5585752,2026-06-04T11:03:34.624000+00:00,"0.1.24"
iad-ci,"forgejo/cnpg/forgejo-postgres/base/20260604T120302/data.tar.gz",5591120,2026-06-04T12:03:34.426000+00:00,"0.1.24"
iad-ci,"forgejo/cnpg/forgejo-postgres/base/20260604T130303/data.tar.gz",5597948,2026-06-04T13:03:37.993000+00:00,"0.1.24"
iad-ci,"forgejo/cnpg/forgejo-postgres/base/20260604T140303/data.tar.gz",5597693,2026-06-04T14:03:27.578000+00:00,"0.1.24"
iad-ci,"forgejo/cnpg/forgejo-postgres/base/20260604T150302/data.tar.gz",5597770,2026-06-04T15:03:27.833000+00:00,"0.1.24"
iad-ci,"forgejo/cnpg/forgejo-postgres/base/20260604T160302/data.tar.gz",5597681,2026-06-04T16:03:29.097000+00:00,"0.1.24"
iad-ci,"forgejo/cnpg/forgejo-postgres/base/20260604T170303/data.tar.gz",5597807,2026-06-04T17:03:29.132000+00:00,"0.1.24"
iad-ci,"forgejo/cnpg/forgejo-postgres/base/20260604T180303/data.tar.gz",5598025,2026-06-04T18:03:32.687000+00:00,"0.1.24"
iad-ci,"forgejo/cnpg/forgejo-postgres/base/20260604T190303/data.tar.gz",5598351,2026-06-04T19:03:30.354000+00:00,"0.1.24"
iad-ci,"forgejo/cnpg/forgejo-postgres/base/20260604T200303/data.tar.gz",5598096,2026-06-04T20:03:30.138000+00:00,"0.1.24"
iad-ci,"forgejo/cnpg/forgejo-postgres/base/20260604T210302/data.tar.gz",5598126,2026-06-04T21:03:31.105000+00:00,"0.1.24"
iad-ci,"forgejo/cnpg/forgejo-postgres/base/20260604T220303/data.tar.gz",5598175,2026-06-04T22:03:30.208000+00:00,"0.1.24"
iad-ci,"forgejo/cnpg/forgejo-postgres/base/20260604T230303/data.tar.gz",5598117,2026-06-04T23:03:27.255000+00:00,"0.1.24"
iad-ci,"forgejo/cnpg/forgejo-postgres/base/20260605T000303/data.tar.gz",5597851,2026-06-05T00:03:32.345000+00:00,"0.1.24"
iad-kalshi,"raw/2026-06-11/04/ws.jsonl.gz",19005545,2026-06-11T05:00:27.946000+00:00,"0.1.38"
iad-kalshi,"parquet/2026-06-11/04/orderbook_delta.parquet",18862009,2026-06-11T05:00:46.672000+00:00,"0.1.38"
iad-kalshi,"raw/2026-06-11/05/ws.jsonl.gz",13432355,2026-06-11T06:00:25.579000+00:00,"0.1.38"
iad-kalshi,"parquet/2026-06-11/05/orderbook_delta.parquet",12758515,2026-06-11T06:00:40.198000+00:00,"0.1.38"
iad-kalshi,"raw/2026-06-11/06/ws.jsonl.gz",13822456,2026-06-11T07:00:25.080000+00:00,"0.1.38"
iad-kalshi,"parquet/2026-06-11/06/orderbook_delta.parquet",13010430,2026-06-11T07:01:13.137000+00:00,"0.1.38"
iad-kalshi,"raw/2026-06-11/09/ws.jsonl.gz",14057468,2026-06-11T10:00:28.048000+00:00,"0.1.38"
iad-kalshi,"parquet/2026-06-11/09/orderbook_delta.parquet",14747472,2026-06-11T10:00:42.752000+00:00,"0.1.38"
iad-kalshi,"raw/2026-06-11/10/ws.jsonl.gz",13205264,2026-06-11T11:00:26.958000+00:00,"0.1.38"
iad-kalshi,"parquet/2026-06-11/10/orderbook_delta.parquet",13738695,2026-06-11T11:00:40.745000+00:00,"0.1.38"
iad-kalshi,"raw/2026-06-11/11/ws.jsonl.gz",17670673,2026-06-11T12:00:27.183000+00:00,"0.1.42"
iad-kalshi,"parquet/2026-06-11/11/orderbook_delta.parquet",18775128,2026-06-11T12:00:46.527000+00:00,"0.1.42"
iad-kalshi,"raw/2026-06-11/12/ws.jsonl.gz",15887581,2026-06-11T13:00:27.234000+00:00,"0.1.42"
iad-kalshi,"parquet/2026-06-11/12/orderbook_delta.parquet",16094351,2026-06-11T13:00:43.314000+00:00,"0.1.42"
iad-kalshi,"raw/2026-06-11/13/ws.jsonl.gz",22523320,2026-06-11T14:00:28.096000+00:00,"0.1.42"
iad-kalshi,"parquet/2026-06-11/13/orderbook_delta.parquet",22696200,2026-06-11T14:00:49.876000+00:00,"0.1.42"
iad-kalshi,"raw/2026-06-11/14/ws.jsonl.gz",40898897,2026-06-11T15:00:32.893000+00:00,"0.1.42"
iad-kalshi,"parquet/2026-06-11/14/orderbook_delta.parquet",38494459,2026-06-11T15:01:16.853000+00:00,"0.1.42"
iad-kalshi,"raw/2026-06-11/15/ws.jsonl.gz",39774921,2026-06-11T16:00:33.692000+00:00,"0.1.42"
iad-kalshi,"parquet/2026-06-11/15/orderbook_delta.parquet",39585728,2026-06-11T16:01:12.317000+00:00,"0.1.42"
iad-kalshi,"raw/2026-06-11/16/ws.jsonl.gz",50464980,2026-06-11T17:00:36.365000+00:00,"0.1.42"
iad-kalshi,"parquet/2026-06-11/16/orderbook_delta.parquet",48730528,2026-06-11T17:01:28.043000+00:00,"0.1.42"
iad-kalshi,"backfill-parquet/2026-06-10/rest_trade.parquet",5253820,2026-06-11T17:36:30.949000+00:00,"0.1.42"
iad-kalshi,"raw/2026-06-11/17/ws.jsonl.gz",48661752,2026-06-11T18:00:15.519000+00:00,"0.1.42"
iad-kalshi,"parquet/2026-06-11/17/orderbook_delta.parquet",45117090,2026-06-11T18:01:11.921000+00:00,"0.1.42"
iad-kalshi,"raw/2026-06-11/18/ws.jsonl.gz",48245477,2026-06-11T19:00:14.558000+00:00,"0.1.42"
iad-kalshi,"parquet/2026-06-11/18/orderbook_delta.parquet",45442831,2026-06-11T19:01:13.454000+00:00,"0.1.42"
iad-kalshi,"raw/2026-06-11/19/ws.jsonl.gz",43328054,2026-06-11T20:00:15.406000+00:00,"0.1.42"
iad-kalshi,"parquet/2026-06-11/19/orderbook_delta.parquet",40921384,2026-06-11T20:01:03.247000+00:00,"0.1.42"
iad-kalshi,"raw/2026-06-11/20/ws.jsonl.gz",41487383,2026-06-11T21:00:12.255000+00:00,"0.1.42"
iad-kalshi,"parquet/2026-06-11/20/orderbook_delta.parquet",39128488,2026-06-11T21:00:56.139000+00:00,"0.1.42"
iad-kalshi,"raw/2026-06-11/21/ws.jsonl.gz",38890151,2026-06-11T22:00:12.399000+00:00,"0.1.42"
iad-kalshi,"parquet/2026-06-11/21/orderbook_delta.parquet",39487930,2026-06-11T22:00:53.058000+00:00,"0.1.42"
iad-kalshi,"raw/2026-06-11/22/ws.jsonl.gz",27069576,2026-06-11T23:00:09.229000+00:00,"0.1.42"
iad-kalshi,"parquet/2026-06-11/22/orderbook_delta.parquet",28118530,2026-06-11T23:00:37.372000+00:00,"0.1.42"
iad-kalshi,"raw/2026-06-11/23/ws.jsonl.gz",14996973,2026-06-12T00:00:06.554000+00:00,"0.1.42"
iad-kalshi,"parquet/2026-06-11/23/orderbook_delta.parquet",15684252,2026-06-12T00:00:23.881000+00:00,"0.1.42"
iad-kalshi,"raw/2026-06-12/00/ws.jsonl.gz",17624695,2026-06-12T01:00:08.490000+00:00,"0.1.42"
iad-kalshi,"parquet/2026-06-12/00/orderbook_delta.parquet",17720524,2026-06-12T01:00:31.533000+00:00,"0.1.42"
iad-kalshi,"raw/2026-06-12/01/ws.jsonl.gz",16494875,2026-06-12T02:00:07.383000+00:00,"0.1.42"
iad-kalshi,"parquet/2026-06-12/01/orderbook_delta.parquet",15868328,2026-06-12T02:00:26.862000+00:00,"0.1.42"
iad-kalshi,"raw/2026-06-12/02/ws.jsonl.gz",16883116,2026-06-12T03:00:08.020000+00:00,"0.1.42"
iad-kalshi,"parquet/2026-06-12/02/orderbook_delta.parquet",17060546,2026-06-12T03:00:46.169000+00:00,"0.1.42"
iad-kalshi,"raw/2026-06-12/03/ws.jsonl.gz",17826171,2026-06-12T04:00:08.818000+00:00,"0.1.42"
iad-kalshi,"parquet/2026-06-12/03/orderbook_delta.parquet",17713974,2026-06-12T04:00:45.219000+00:00,"0.1.42"
iad-kalshi,"raw/2026-06-12/04/ws.jsonl.gz",17820882,2026-06-12T05:00:08.366000+00:00,"0.1.42"
iad-kalshi,"parquet/2026-06-12/04/orderbook_delta.parquet",17581993,2026-06-12T05:00:40.772000+00:00,"0.1.42"
iad-kalshi,"raw/2026-06-12/05/ws.jsonl.gz",18333354,2026-06-12T06:00:08.358000+00:00,"0.1.42"
iad-kalshi,"parquet/2026-06-12/05/orderbook_delta.parquet",17929127,2026-06-12T06:00:28.157000+00:00,"0.1.42"
iad-kalshi,"raw/2026-06-12/06/ws.jsonl.gz",14028959,2026-06-12T07:00:07.768000+00:00,"0.1.42"
iad-kalshi,"parquet/2026-06-12/06/orderbook_delta.parquet",12821714,2026-06-12T07:00:24.483000+00:00,"0.1.42"
iad-kalshi,"raw/2026-06-12/07/ws.jsonl.gz",16130105,2026-06-12T08:01:08.687000+00:00,"0.1.42"
iad-kalshi,"parquet/2026-06-12/07/orderbook_delta.parquet",14776930,2026-06-12T08:01:35.686000+00:00,"0.1.42"
iad-kalshi,"raw/2026-06-12/08/ws.jsonl.gz",10635104,2026-06-12T09:00:07.273000+00:00,"0.1.42"
iad-kalshi,"parquet/2026-06-12/08/orderbook_delta.parquet",10077839,2026-06-12T09:00:20.979000+00:00,"0.1.42"
iad-kalshi,"raw/2026-06-12/09/ws.jsonl.gz",13025729,2026-06-12T10:00:07.692000+00:00,"0.1.42"
iad-kalshi,"parquet/2026-06-12/09/orderbook_delta.parquet",12538894,2026-06-12T10:00:25.777000+00:00,"0.1.42"
iad-kalshi,"raw/2026-06-12/10/ws.jsonl.gz",14526817,2026-06-12T11:00:08.057000+00:00,"0.1.42"
iad-kalshi,"parquet/2026-06-12/10/orderbook_delta.parquet",13705951,2026-06-12T11:00:23.498000+00:00,"0.1.42"
iad-kalshi,"raw/2026-06-12/11/ws.jsonl.gz",14054766,2026-06-12T12:00:08.930000+00:00,"0.1.42"
iad-kalshi,"parquet/2026-06-12/11/orderbook_delta.parquet",12914143,2026-06-12T12:00:23.454000+00:00,"0.1.42"
iad-kalshi,"raw/2026-06-12/12/ws.jsonl.gz",17601914,2026-06-12T13:00:09.955000+00:00,"0.1.42"
iad-kalshi,"parquet/2026-06-12/12/orderbook_delta.parquet",16709169,2026-06-12T13:01:29.216000+00:00,"0.1.42"
iad-kalshi,"raw/2026-06-12/13/ws.jsonl.gz",23563682,2026-06-12T14:00:09.933000+00:00,"0.1.42"
iad-kalshi,"parquet/2026-06-12/13/orderbook_delta.parquet",23319198,2026-06-12T14:00:34.446000+00:00,"0.1.42"
iad-kalshi,"raw/2026-06-12/14/ws.jsonl.gz",36071833,2026-06-12T15:00:14.327000+00:00,"0.1.42"
iad-kalshi,"parquet/2026-06-12/14/orderbook_delta.parquet",34769775,2026-06-12T15:00:52.053000+00:00,"0.1.42"
iad-kalshi,"raw/2026-06-12/15/ws.jsonl.gz",48164267,2026-06-12T16:00:15.938000+00:00,"0.1.42"
iad-kalshi,"parquet/2026-06-12/15/orderbook_delta.parquet",44751185,2026-06-12T16:01:04.261000+00:00,"0.1.42"
iad-kalshi,"raw/2026-06-12/16/ws.jsonl.gz",39301753,2026-06-12T17:00:15.518000+00:00,"0.1.42"
iad-kalshi,"parquet/2026-06-12/16/orderbook_delta.parquet",37211481,2026-06-12T17:00:56.716000+00:00,"0.1.42"
iad-kalshi,"raw/2026-06-12/17/ws.jsonl.gz",39121571,2026-06-12T18:00:14.967000+00:00,"0.1.42"
iad-kalshi,"parquet/2026-06-12/17/orderbook_delta.parquet",38474520,2026-06-12T18:00:56.902000+00:00,"0.1.42"
iad-kalshi,"raw/2026-06-12/18/ws.jsonl.gz",44508567,2026-06-12T19:00:16.704000+00:00,"0.1.42"
iad-kalshi,"parquet/2026-06-12/18/orderbook_delta.parquet",44563088,2026-06-12T19:01:12.782000+00:00,"0.1.42"
iad-kalshi,"raw/2026-06-12/19/ws.jsonl.gz",41477582,2026-06-12T20:00:14.719000+00:00,"0.1.42"
iad-kalshi,"parquet/2026-06-12/19/orderbook_delta.parquet",40589318,2026-06-12T20:00:58.264000+00:00,"0.1.42"
iad-kalshi,"raw/2026-06-12/20/ws.jsonl.gz",36954553,2026-06-12T21:00:13.881000+00:00,"0.1.42"
iad-kalshi,"parquet/2026-06-12/20/orderbook_delta.parquet",37584895,2026-06-12T21:00:53.228000+00:00,"0.1.42"
iad-kalshi,"raw/2026-06-12/21/ws.jsonl.gz",30823730,2026-06-12T22:00:13.521000+00:00,"0.1.42"
iad-kalshi,"parquet/2026-06-12/21/orderbook_delta.parquet",30091770,2026-06-12T22:00:49.238000+00:00,"0.1.42"
iad-kalshi,"raw/2026-06-12/22/ws.jsonl.gz",27957001,2026-06-12T23:00:13.404000+00:00,"0.1.42"
iad-kalshi,"parquet/2026-06-12/22/orderbook_delta.parquet",28387086,2026-06-12T23:00:45.512000+00:00,"0.1.42"
iad-kalshi,"raw/2026-06-12/23/ws.jsonl.gz",28734288,2026-06-13T00:00:15.103000+00:00,"0.1.42"
iad-kalshi,"parquet/2026-06-12/23/orderbook_delta.parquet",29600733,2026-06-13T00:00:49.659000+00:00,"0.1.42"
iad-kalshi,"raw/2026-06-13/00/ws.jsonl.gz",26285915,2026-06-13T01:00:12.653000+00:00,"0.1.42"
iad-kalshi,"parquet/2026-06-13/00/orderbook_delta.parquet",26262651,2026-06-13T01:00:39.386000+00:00,"0.1.42"
iad-kalshi,"raw/2026-06-13/01/ws.jsonl.gz",28199267,2026-06-13T02:00:12.854000+00:00,"0.1.42"
iad-kalshi,"parquet/2026-06-13/01/orderbook_delta.parquet",26780778,2026-06-13T02:00:41.950000+00:00,"0.1.42"
iad-kalshi,"raw/2026-06-13/02/ws.jsonl.gz",37267669,2026-06-13T03:00:15.449000+00:00,"0.1.42"
iad-kalshi,"parquet/2026-06-13/02/orderbook_delta.parquet",32507537,2026-06-13T03:00:52.781000+00:00,"0.1.42"
iad-kalshi,"raw/2026-06-13/03/ws.jsonl.gz",34085638,2026-06-13T04:01:15.573000+00:00,"0.1.42"
iad-kalshi,"parquet/2026-06-13/03/orderbook_delta.parquet",31753626,2026-06-13T04:02:03.280000+00:00,"0.1.42"
iad-kalshi,"raw/2026-06-13/04/ws.jsonl.gz",30146086,2026-06-13T05:01:15.950000+00:00,"0.1.42"
iad-kalshi,"parquet/2026-06-13/04/orderbook_delta.parquet",28384075,2026-06-13T05:01:52.316000+00:00,"0.1.42"
iad-kalshi,"raw/2026-06-13/05/ws.jsonl.gz",34264501,2026-06-13T06:00:16.006000+00:00,"0.1.42"
iad-kalshi,"parquet/2026-06-13/05/orderbook_delta.parquet",33488633,2026-06-13T06:00:54.518000+00:00,"0.1.42"
iad-kalshi,"raw/2026-06-13/06/ws.jsonl.gz",26533103,2026-06-13T07:00:18.698000+00:00,"0.1.42"
iad-kalshi,"parquet/2026-06-13/06/orderbook_delta.parquet",26388218,2026-06-13T07:00:47.564000+00:00,"0.1.42"
iad-kalshi,"raw/2026-06-13/07/ws.jsonl.gz",20170025,2026-06-13T08:00:13.266000+00:00,"0.1.42"
iad-kalshi,"parquet/2026-06-13/07/orderbook_delta.parquet",20476668,2026-06-13T08:00:36.382000+00:00,"0.1.42"
iad-kalshi,"raw/2026-06-13/08/ws.jsonl.gz",24666831,2026-06-13T09:00:13.126000+00:00,"0.1.42"
iad-kalshi,"parquet/2026-06-13/08/orderbook_delta.parquet",24886545,2026-06-13T09:00:38.963000+00:00,"0.1.42"
iad-kalshi,"raw/2026-06-13/09/ws.jsonl.gz",19220613,2026-06-13T10:00:13.508000+00:00,"0.1.42"
iad-kalshi,"parquet/2026-06-13/09/orderbook_delta.parquet",19044775,2026-06-13T10:00:36.362000+00:00,"0.1.42"
iad-kalshi,"raw/2026-06-13/10/ws.jsonl.gz",23829953,2026-06-13T11:00:14.101000+00:00,"0.1.42"
iad-kalshi,"parquet/2026-06-13/10/orderbook_delta.parquet",25306039,2026-06-13T11:00:39.593000+00:00,"0.1.42"
iad-kalshi,"raw/2026-06-13/11/ws.jsonl.gz",25924115,2026-06-13T12:00:14.791000+00:00,"0.1.42"
iad-kalshi,"parquet/2026-06-13/11/orderbook_delta.parquet",27696432,2026-06-13T12:00:43.338000+00:00,"0.1.42"
iad-kalshi,"raw/2026-06-13/12/ws.jsonl.gz",29295972,2026-06-13T13:00:16.549000+00:00,"0.1.42"
iad-kalshi,"parquet/2026-06-13/12/orderbook_delta.parquet",31882817,2026-06-13T13:00:50.166000+00:00,"0.1.42"
iad-kalshi,"raw/2026-06-13/13/ws.jsonl.gz",27900174,2026-06-13T14:00:17.403000+00:00,"0.1.42"
iad-kalshi,"parquet/2026-06-13/13/orderbook_delta.parquet",30322873,2026-06-13T14:00:52.389000+00:00,"0.1.42"
iad-kalshi,"raw/2026-06-13/14/ws.jsonl.gz",51850212,2026-06-13T15:00:21.017000+00:00,"0.1.42"
iad-kalshi,"parquet/2026-06-13/14/orderbook_delta.parquet",51157898,2026-06-13T15:01:19.123000+00:00,"0.1.42"
iad-kalshi,"raw/2026-06-13/15/ws.jsonl.gz",48761862,2026-06-13T16:00:22.770000+00:00,"0.1.42"
iad-kalshi,"parquet/2026-06-13/15/orderbook_delta.parquet",47756223,2026-06-13T16:01:17.951000+00:00,"0.1.42"
iad-kalshi,"raw/2026-06-13/16/ws.jsonl.gz",44554442,2026-06-13T17:01:49.424000+00:00,"0.1.42"
iad-kalshi,"parquet/2026-06-13/16/orderbook_delta.parquet",43930323,2026-06-13T17:02:43.394000+00:00,"0.1.42"
iad-kalshi,"raw/2026-06-13/17/ws.jsonl.gz",50883997,2026-06-13T18:00:15.463000+00:00,"0.1.42"
iad-kalshi,"parquet/2026-06-13/17/orderbook_delta.parquet",50176480,2026-06-13T18:01:18.121000+00:00,"0.1.42"
iad-kalshi,"raw/2026-06-13/18/ws.jsonl.gz",54061212,2026-06-13T19:00:14.809000+00:00,"0.1.42"
iad-kalshi,"parquet/2026-06-13/18/orderbook_delta.parquet",52410572,2026-06-13T19:01:15.438000+00:00,"0.1.42"
iad-kalshi,"raw/2026-06-13/19/ws.jsonl.gz",46815336,2026-06-13T20:00:13.386000+00:00,"0.1.42"
iad-kalshi,"parquet/2026-06-13/19/orderbook_delta.parquet",44921682,2026-06-13T20:01:04.595000+00:00,"0.1.42"
iad-kalshi,"raw/2026-06-13/20/ws.jsonl.gz",39296434,2026-06-13T21:00:10.960000+00:00,"0.1.42"
iad-kalshi,"parquet/2026-06-13/20/orderbook_delta.parquet",36583457,2026-06-13T21:00:59.345000+00:00,"0.1.42"
iad-kalshi,"raw/2026-06-13/21/ws.jsonl.gz",32941376,2026-06-13T22:00:09.729000+00:00,"0.1.42"
iad-kalshi,"parquet/2026-06-13/21/orderbook_delta.parquet",31723683,2026-06-13T22:00:46.159000+00:00,"0.1.42"
iad-kalshi,"raw/2026-06-13/22/ws.jsonl.gz",29018836,2026-06-13T23:00:10.724000+00:00,"0.1.42"
iad-kalshi,"parquet/2026-06-13/22/orderbook_delta.parquet",28077447,2026-06-13T23:00:43.213000+00:00,"0.1.42"
iad-kalshi,"raw/2026-06-13/23/ws.jsonl.gz",24196255,2026-06-14T00:00:09.147000+00:00,"0.1.42"
iad-kalshi,"parquet/2026-06-13/23/orderbook_delta.parquet",22934726,2026-06-14T00:00:36.302000+00:00,"0.1.42"
iad-kalshi,"raw/2026-06-14/00/ws.jsonl.gz",24747122,2026-06-14T01:00:10.611000+00:00,"0.1.42"
iad-kalshi,"parquet/2026-06-14/00/orderbook_delta.parquet",24038866,2026-06-14T01:00:39.176000+00:00,"0.1.42"
iad-kalshi,"raw/2026-06-14/01/ws.jsonl.gz",23961865,2026-06-14T02:00:08.890000+00:00,"0.1.42"
iad-kalshi,"parquet/2026-06-14/01/orderbook_delta.parquet",23113798,2026-06-14T02:00:38.332000+00:00,"0.1.42"
iad-kalshi,"raw/2026-06-14/02/ws.jsonl.gz",23824503,2026-06-14T03:00:08.665000+00:00,"0.1.42"
iad-kalshi,"parquet/2026-06-14/02/orderbook_delta.parquet",22978442,2026-06-14T03:00:54.712000+00:00,"0.1.42"
iad-kalshi,"raw/2026-06-14/03/ws.jsonl.gz",22910210,2026-06-14T04:00:09.272000+00:00,"0.1.42"
iad-kalshi,"parquet/2026-06-14/03/orderbook_delta.parquet",22798232,2026-06-14T04:00:37.668000+00:00,"0.1.42"
iad-kalshi,"raw/2026-06-14/04/ws.jsonl.gz",23498278,2026-06-14T05:00:10.018000+00:00,"0.1.42"
iad-kalshi,"parquet/2026-06-14/04/orderbook_delta.parquet",23653790,2026-06-14T05:01:35.483000+00:00,"0.1.42"
iad-kalshi,"raw/2026-06-14/05/ws.jsonl.gz",23474405,2026-06-14T06:00:09.175000+00:00,"0.1.42"
iad-kalshi,"parquet/2026-06-14/05/orderbook_delta.parquet",23401649,2026-06-14T06:00:35.867000+00:00,"0.1.42"
iad-kalshi,"raw/2026-06-14/06/ws.jsonl.gz",22962517,2026-06-14T07:00:09.226000+00:00,"0.1.42"
iad-kalshi,"parquet/2026-06-14/06/orderbook_delta.parquet",23888515,2026-06-14T07:00:54.053000+00:00,"0.1.42"
iad-kalshi,"raw/2026-06-14/07/ws.jsonl.gz",21763164,2026-06-14T08:00:09.596000+00:00,"0.1.42"
iad-kalshi,"parquet/2026-06-14/07/orderbook_delta.parquet",22395988,2026-06-14T08:00:32.941000+00:00,"0.1.42"
iad-kalshi,"raw/2026-06-14/08/ws.jsonl.gz",22150050,2026-06-14T09:00:09.617000+00:00,"0.1.42"
iad-kalshi,"parquet/2026-06-14/08/orderbook_delta.parquet",22813020,2026-06-14T09:00:34.832000+00:00,"0.1.42"
iad-kalshi,"raw/2026-06-14/09/ws.jsonl.gz",18803821,2026-06-14T10:00:09.137000+00:00,"0.1.42"
iad-kalshi,"parquet/2026-06-14/09/orderbook_delta.parquet",19139092,2026-06-14T10:00:30.346000+00:00,"0.1.42"
iad-kalshi,"raw/2026-06-14/10/ws.jsonl.gz",21090185,2026-06-14T11:00:09.588000+00:00,"0.1.42"
iad-kalshi,"parquet/2026-06-14/10/orderbook_delta.parquet",21575608,2026-06-14T11:00:32.621000+00:00,"0.1.42"
iad-kalshi,"raw/2026-06-14/11/ws.jsonl.gz",22985570,2026-06-14T12:00:10.827000+00:00,"0.1.42"
iad-kalshi,"parquet/2026-06-14/11/orderbook_delta.parquet",24109032,2026-06-14T12:00:38.604000+00:00,"0.1.42"
iad-kalshi,"raw/2026-06-14/12/ws.jsonl.gz",18721444,2026-06-14T13:00:10.819000+00:00,"0.1.42"
iad-kalshi,"parquet/2026-06-14/12/orderbook_delta.parquet",19652255,2026-06-14T13:00:32.802000+00:00,"0.1.42"
iad-kalshi,"raw/2026-06-14/13/ws.jsonl.gz",21941398,2026-06-14T14:00:10.758000+00:00,"0.1.42"
iad-kalshi,"parquet/2026-06-14/13/orderbook_delta.parquet",22401954,2026-06-14T14:00:35.144000+00:00,"0.1.42"
iad-kalshi,"raw/2026-06-14/14/ws.jsonl.gz",35161767,2026-06-14T15:00:13.179000+00:00,"0.1.42"
iad-kalshi,"parquet/2026-06-14/14/orderbook_delta.parquet",33736024,2026-06-14T15:01:03.306000+00:00,"0.1.42"
iad-kalshi,"raw/2026-06-14/15/ws.jsonl.gz",37833325,2026-06-14T16:00:14.868000+00:00,"0.1.42"
iad-kalshi,"parquet/2026-06-14/15/orderbook_delta.parquet",37974474,2026-06-14T16:01:02.045000+00:00,"0.1.42"
iad-kalshi,"raw/2026-06-14/16/ws.jsonl.gz",33445362,2026-06-14T17:00:13.718000+00:00,"0.1.42"
iad-kalshi,"parquet/2026-06-14/16/orderbook_delta.parquet",34576128,2026-06-14T17:00:48.049000+00:00,"0.1.42"
iad-kalshi,"raw/2026-06-14/17/ws.jsonl.gz",29843263,2026-06-14T18:00:14.438000+00:00,"0.1.42"
iad-kalshi,"parquet/2026-06-14/17/orderbook_delta.parquet",30448533,2026-06-14T18:00:48.501000+00:00,"0.1.42"
iad-kalshi,"raw/2026-06-14/18/ws.jsonl.gz",32610865,2026-06-14T19:00:13.946000+00:00,"0.1.42"
iad-kalshi,"parquet/2026-06-14/18/orderbook_delta.parquet",33739957,2026-06-14T19:00:48.673000+00:00,"0.1.42"
iad-kalshi,"raw/2026-06-14/19/ws.jsonl.gz",36099127,2026-06-14T20:00:14.811000+00:00,"0.1.42"
iad-kalshi,"parquet/2026-06-14/19/orderbook_delta.parquet",35475284,2026-06-14T20:00:52.800000+00:00,"0.1.42"
iad-kalshi,"raw/2026-06-14/20/ws.jsonl.gz",34996897,2026-06-14T21:00:15.129000+00:00,"0.1.42"
iad-kalshi,"parquet/2026-06-14/20/orderbook_delta.parquet",34684446,2026-06-14T21:00:58.922000+00:00,"0.1.42"
iad-kalshi,"raw/2026-06-14/21/ws.jsonl.gz",35215662,2026-06-14T22:00:14.509000+00:00,"0.1.42"
iad-kalshi,"parquet/2026-06-14/21/orderbook_delta.parquet",35957310,2026-06-14T22:00:52.614000+00:00,"0.1.42"
iad-kalshi,"raw/2026-06-14/22/ws.jsonl.gz",35482613,2026-06-14T23:00:14.572000+00:00,"0.1.42"
iad-kalshi,"parquet/2026-06-14/22/orderbook_delta.parquet",37011282,2026-06-14T23:00:55.813000+00:00,"0.1.42"
iad-kalshi,"raw/2026-06-14/23/ws.jsonl.gz",24576197,2026-06-15T00:00:12.794000+00:00,"0.1.42"
iad-kalshi,"parquet/2026-06-14/23/orderbook_delta.parquet",26226529,2026-06-15T00:00:40.410000+00:00,"0.1.42"
iad-kalshi,"raw/2026-06-15/00/ws.jsonl.gz",24699451,2026-06-15T01:00:13.126000+00:00,"0.1.42"
iad-kalshi,"parquet/2026-06-15/00/orderbook_delta.parquet",24563291,2026-06-15T01:00:41.094000+00:00,"0.1.42"
iad-kalshi,"raw/2026-06-15/01/ws.jsonl.gz",21959553,2026-06-15T02:00:14.013000+00:00,"0.1.42"
iad-kalshi,"parquet/2026-06-15/01/orderbook_delta.parquet",22473710,2026-06-15T02:00:45.284000+00:00,"0.1.42"
iad-kalshi,"raw/2026-06-15/02/ws.jsonl.gz",22652365,2026-06-15T03:00:14.124000+00:00,"0.1.42"
iad-kalshi,"parquet/2026-06-15/02/orderbook_delta.parquet",22976086,2026-06-15T03:00:38.251000+00:00,"0.1.42"
iad-kalshi,"raw/2026-06-15/03/ws.jsonl.gz",23443529,2026-06-15T04:00:14.073000+00:00,"0.1.42"
iad-kalshi,"parquet/2026-06-15/03/orderbook_delta.parquet",24220038,2026-06-15T04:00:39.823000+00:00,"0.1.42"
iad-kalshi,"raw/2026-06-15/04/ws.jsonl.gz",20047632,2026-06-15T05:00:14.498000+00:00,"0.1.42"
iad-kalshi,"parquet/2026-06-15/04/orderbook_delta.parquet",20117713,2026-06-15T05:00:36.494000+00:00,"0.1.42"
iad-kalshi,"raw/2026-06-15/05/ws.jsonl.gz",21288426,2026-06-15T06:00:13.811000+00:00,"0.1.42"
iad-kalshi,"parquet/2026-06-15/05/orderbook_delta.parquet",22605557,2026-06-15T06:00:38.581000+00:00,"0.1.42"
iad-kalshi,"raw/2026-06-15/06/ws.jsonl.gz",18412560,2026-06-15T07:00:13.250000+00:00,"0.1.42"
iad-kalshi,"parquet/2026-06-15/06/orderbook_delta.parquet",19098307,2026-06-15T07:00:36.298000+00:00,"0.1.42"
iad-kalshi,"raw/2026-06-15/07/ws.jsonl.gz",17444127,2026-06-15T08:00:13.123000+00:00,"0.1.42"
iad-kalshi,"parquet/2026-06-15/07/orderbook_delta.parquet",19226341,2026-06-15T08:00:34.124000+00:00,"0.1.42"
iad-kalshi,"raw/2026-06-15/08/ws.jsonl.gz",16536479,2026-06-15T09:00:13.038000+00:00,"0.1.42"
iad-kalshi,"parquet/2026-06-15/08/orderbook_delta.parquet",18296581,2026-06-15T09:00:34.050000+00:00,"0.1.42"
iad-kalshi,"raw/2026-06-15/09/ws.jsonl.gz",21650864,2026-06-15T10:00:14.484000+00:00,"0.1.42"
iad-kalshi,"parquet/2026-06-15/09/orderbook_delta.parquet",22703913,2026-06-15T10:00:39.191000+00:00,"0.1.42"
iad-kalshi,"raw/2026-06-15/10/ws.jsonl.gz",20909106,2026-06-15T11:00:14.332000+00:00,"0.1.42"
iad-kalshi,"parquet/2026-06-15/10/orderbook_delta.parquet",21410849,2026-06-15T11:00:38.218000+00:00,"0.1.42"
iad-kalshi,"raw/2026-06-15/11/ws.jsonl.gz",24214587,2026-06-15T12:00:15.831000+00:00,"0.1.42"
iad-kalshi,"parquet/2026-06-15/11/orderbook_delta.parquet",25055922,2026-06-15T12:00:42.952000+00:00,"0.1.42"
iad-kalshi,"raw/2026-06-15/12/ws.jsonl.gz",23514730,2026-06-15T13:00:17.513000+00:00,"0.1.42"
iad-kalshi,"parquet/2026-06-15/12/orderbook_delta.parquet",24493891,2026-06-15T13:00:46.115000+00:00,"0.1.42"
iad-kalshi,"raw/2026-06-15/13/ws.jsonl.gz",28821968,2026-06-15T14:00:16.145000+00:00,"0.1.42"
iad-kalshi,"parquet/2026-06-15/13/orderbook_delta.parquet",29969562,2026-06-15T14:00:51.702000+00:00,"0.1.42"
iad-kalshi,"raw/2026-06-15/14/ws.jsonl.gz",46133560,2026-06-15T15:00:21.174000+00:00,"0.1.42"
iad-kalshi,"parquet/2026-06-15/14/orderbook_delta.parquet",43440606,2026-06-15T15:01:13.736000+00:00,"0.1.42"
iad-kalshi,"raw/2026-06-15/15/ws.jsonl.gz",39629381,2026-06-15T16:00:19.862000+00:00,"0.1.42"
iad-kalshi,"parquet/2026-06-15/15/orderbook_delta.parquet",39222056,2026-06-15T16:01:00.777000+00:00,"0.1.42"
iad-kalshi,"raw/2026-06-15/16/ws.jsonl.gz",35036858,2026-06-15T17:00:20.141000+00:00,"0.1.42"
iad-kalshi,"parquet/2026-06-15/16/orderbook_delta.parquet",34152731,2026-06-15T17:01:05.166000+00:00,"0.1.42"
iad-kalshi,"raw/2026-06-15/17/ws.jsonl.gz",38858224,2026-06-15T18:00:19.950000+00:00,"0.1.42"
iad-kalshi,"parquet/2026-06-15/17/orderbook_delta.parquet",37617173,2026-06-15T18:01:03.568000+00:00,"0.1.42"
iad-kalshi,"raw/2026-06-15/18/ws.jsonl.gz",43147301,2026-06-15T19:00:21.772000+00:00,"0.1.42"
iad-kalshi,"parquet/2026-06-15/18/orderbook_delta.parquet",43802730,2026-06-15T19:01:12.212000+00:00,"0.1.42"
iad-kalshi,"raw/2026-06-15/19/ws.jsonl.gz",41164973,2026-06-15T20:00:21.549000+00:00,"0.1.42"
iad-kalshi,"parquet/2026-06-15/19/orderbook_delta.parquet",42003737,2026-06-15T20:01:16.931000+00:00,"0.1.42"
iad-kalshi,"raw/2026-06-15/20/ws.jsonl.gz",37920456,2026-06-15T21:00:20.024000+00:00,"0.1.42"
iad-kalshi,"parquet/2026-06-15/20/orderbook_delta.parquet",38401081,2026-06-15T21:01:06.839000+00:00,"0.1.42"
iad-kalshi,"raw/2026-06-15/21/ws.jsonl.gz",46735679,2026-06-15T22:00:22.126000+00:00,"0.1.42"
iad-kalshi,"parquet/2026-06-15/21/orderbook_delta.parquet",49978079,2026-06-15T22:01:21.942000+00:00,"0.1.42"
iad-kalshi,"raw/2026-06-15/22/ws.jsonl.gz",34848525,2026-06-15T23:00:22.185000+00:00,"0.1.42"
iad-kalshi,"parquet/2026-06-15/22/orderbook_delta.parquet",36362278,2026-06-15T23:01:29.153000+00:00,"0.1.42"
iad-kalshi,"raw/2026-06-15/23/ws.jsonl.gz",26327716,2026-06-16T00:00:20.121000+00:00,"0.1.42"
iad-kalshi,"parquet/2026-06-15/23/orderbook_delta.parquet",25704787,2026-06-16T00:01:22.631000+00:00,"0.1.42"
iad-kalshi,"raw/2026-06-16/00/ws.jsonl.gz",24719380,2026-06-16T01:00:22.196000+00:00,"0.1.42"
iad-kalshi,"parquet/2026-06-16/00/orderbook_delta.parquet",22298833,2026-06-16T01:00:54.198000+00:00,"0.1.42"
iad-kalshi,"raw/2026-06-16/01/ws.jsonl.gz",27273146,2026-06-16T02:00:20.343000+00:00,"0.1.42"
iad-kalshi,"parquet/2026-06-16/01/orderbook_delta.parquet",24238903,2026-06-16T02:00:50.125000+00:00,"0.1.42"
iad-kalshi,"raw/2026-06-16/02/ws.jsonl.gz",25834718,2026-06-16T03:00:19.707000+00:00,"0.1.42"
iad-kalshi,"parquet/2026-06-16/02/orderbook_delta.parquet",23349439,2026-06-16T03:01:50.227000+00:00,"0.1.42"
iad-kalshi,"raw/2026-06-16/03/ws.jsonl.gz",22374266,2026-06-16T04:00:20.299000+00:00,"0.1.42"
iad-kalshi,"parquet/2026-06-16/03/orderbook_delta.parquet",21232332,2026-06-16T04:01:10.308000+00:00,"0.1.42"
iad-kalshi,"raw/2026-06-16/04/ws.jsonl.gz",17640275,2026-06-16T05:00:18.574000+00:00,"0.1.42"
iad-kalshi,"parquet/2026-06-16/04/orderbook_delta.parquet",17227125,2026-06-16T05:00:38.454000+00:00,"0.1.42"
iad-kalshi,"raw/2026-06-16/05/ws.jsonl.gz",16897741,2026-06-16T06:00:20.296000+00:00,"0.1.42"
iad-kalshi,"parquet/2026-06-16/05/orderbook_delta.parquet",17216153,2026-06-16T06:00:43.046000+00:00,"0.1.42"
iad-kalshi,"raw/2026-06-16/06/ws.jsonl.gz",15585218,2026-06-16T07:00:18.735000+00:00,"0.1.42"
iad-kalshi,"parquet/2026-06-16/06/orderbook_delta.parquet",16034910,2026-06-16T07:00:40.705000+00:00,"0.1.42"
iad-kalshi,"raw/2026-06-16/07/ws.jsonl.gz",17173078,2026-06-16T08:00:19.822000+00:00,"0.1.42"
iad-kalshi,"parquet/2026-06-16/07/orderbook_delta.parquet",18084441,2026-06-16T08:00:42.478000+00:00,"0.1.42"
iad-kalshi,"raw/2026-06-16/08/ws.jsonl.gz",17825955,2026-06-16T09:00:18.862000+00:00,"0.1.42"
iad-kalshi,"parquet/2026-06-16/08/orderbook_delta.parquet",19812097,2026-06-16T09:00:42.236000+00:00,"0.1.42"
iad-kalshi,"raw/2026-06-16/09/ws.jsonl.gz",23247612,2026-06-16T10:00:20.684000+00:00,"0.1.42"
iad-kalshi,"parquet/2026-06-16/09/orderbook_delta.parquet",24950754,2026-06-16T10:00:49.515000+00:00,"0.1.42"
iad-kalshi,"raw/2026-06-16/10/ws.jsonl.gz",24017563,2026-06-16T11:00:22.176000+00:00,"0.1.42"
iad-kalshi,"parquet/2026-06-16/10/orderbook_delta.parquet",26541201,2026-06-16T11:00:50.317000+00:00,"0.1.42"
iad-kalshi,"raw/2026-06-16/11/ws.jsonl.gz",24399631,2026-06-16T12:00:21.752000+00:00,"0.1.42"
iad-kalshi,"parquet/2026-06-16/11/orderbook_delta.parquet",26744332,2026-06-16T12:00:49.904000+00:00,"0.1.42"
iad-kalshi,"raw/2026-06-16/12/ws.jsonl.gz",19329388,2026-06-16T13:00:22.898000+00:00,"0.1.42"
iad-kalshi,"parquet/2026-06-16/12/orderbook_delta.parquet",20694716,2026-06-16T13:00:46.032000+00:00,"0.1.42"
iad-kalshi,"raw/2026-06-16/13/ws.jsonl.gz",19206086,2026-06-16T14:00:21.835000+00:00,"0.1.42"
iad-kalshi,"parquet/2026-06-16/13/orderbook_delta.parquet",20681471,2026-06-16T14:00:45.509000+00:00,"0.1.42"
iad-kalshi,"raw/2026-06-16/14/ws.jsonl.gz",35572071,2026-06-16T15:00:23.898000+00:00,"0.1.42"
iad-kalshi,"parquet/2026-06-16/14/orderbook_delta.parquet",34805203,2026-06-16T15:01:02.058000+00:00,"0.1.42"
iad-kalshi,"raw/2026-06-16/15/ws.jsonl.gz",35200285,2026-06-16T16:00:25.323000+00:00,"0.1.42"
iad-kalshi,"parquet/2026-06-16/15/orderbook_delta.parquet",33826018,2026-06-16T16:01:01.748000+00:00,"0.1.42"
iad-kalshi,"raw/2026-06-16/16/ws.jsonl.gz",31000897,2026-06-16T17:00:24.435000+00:00,"0.1.42"
iad-kalshi,"parquet/2026-06-16/16/orderbook_delta.parquet",32925295,2026-06-16T17:01:01.479000+00:00,"0.1.42"
iad-kalshi,"raw/2026-06-16/17/ws.jsonl.gz",38939768,2026-06-16T18:00:26.434000+00:00,"0.1.42"
iad-kalshi,"parquet/2026-06-16/17/orderbook_delta.parquet",40896991,2026-06-16T18:01:08.967000+00:00,"0.1.42"
iad-kalshi,"raw/2026-06-16/18/ws.jsonl.gz",32806188,2026-06-16T19:00:26.088000+00:00,"0.1.42"
iad-kalshi,"parquet/2026-06-16/18/orderbook_delta.parquet",34739627,2026-06-16T19:01:10.974000+00:00,"0.1.42"
iad-kalshi,"raw/2026-06-16/19/ws.jsonl.gz",36520093,2026-06-16T20:00:25.208000+00:00,"0.1.42"
iad-kalshi,"parquet/2026-06-16/19/orderbook_delta.parquet",36450614,2026-06-16T20:01:07.059000+00:00,"0.1.42"
iad-kalshi,"raw/2026-06-16/20/ws.jsonl.gz",38323791,2026-06-16T21:00:26.938000+00:00,"0.1.42"
iad-kalshi,"parquet/2026-06-16/20/orderbook_delta.parquet",39752794,2026-06-16T21:01:09.212000+00:00,"0.1.42"
iad-kalshi,"raw/2026-06-16/21/ws.jsonl.gz",35273414,2026-06-16T22:00:29.021000+00:00,"0.1.42"
iad-kalshi,"parquet/2026-06-16/21/orderbook_delta.parquet",38530010,2026-06-16T22:01:18.618000+00:00,"0.1.42"
iad-kalshi,"raw/2026-06-16/22/ws.jsonl.gz",24112783,2026-06-16T23:00:25.800000+00:00,"0.1.42"
iad-kalshi,"parquet/2026-06-16/22/orderbook_delta.parquet",25930827,2026-06-16T23:00:55.708000+00:00,"0.1.42"
iad-kalshi,"raw/2026-06-16/23/ws.jsonl.gz",14511565,2026-06-17T00:00:21.888000+00:00,"0.1.42"
iad-kalshi,"parquet/2026-06-16/23/orderbook_delta.parquet",14385815,2026-06-17T00:00:41.018000+00:00,"0.1.42"
iad-kalshi,"raw/2026-06-17/00/ws.jsonl.gz",13722777,2026-06-17T01:00:23.716000+00:00,"0.1.42"
iad-kalshi,"parquet/2026-06-17/00/orderbook_delta.parquet",12967707,2026-06-17T01:00:39.006000+00:00,"0.1.42"
iad-kalshi,"raw/2026-06-17/01/ws.jsonl.gz",14928802,2026-06-17T02:00:21.804000+00:00,"0.1.42"
iad-kalshi,"parquet/2026-06-17/01/orderbook_delta.parquet",14227541,2026-06-17T02:00:40.956000+00:00,"0.1.42"
iad-kalshi,"raw/2026-06-17/02/ws.jsonl.gz",12591413,2026-06-17T03:00:23.279000+00:00,"0.1.42"
iad-kalshi,"parquet/2026-06-17/02/orderbook_delta.parquet",12311321,2026-06-17T03:00:37.913000+00:00,"0.1.42"
iad-kalshi,"raw/2026-06-17/03/ws.jsonl.gz",13821068,2026-06-17T04:00:22.010000+00:00,"0.1.42"
iad-kalshi,"parquet/2026-06-17/03/orderbook_delta.parquet",13471711,2026-06-17T04:00:40.316000+00:00,"0.1.42"
iad-kalshi,"raw/2026-06-17/04/ws.jsonl.gz",12372543,2026-06-17T05:00:21.741000+00:00,"0.1.42"
iad-kalshi,"parquet/2026-06-17/04/orderbook_delta.parquet",12556668,2026-06-17T05:00:38.206000+00:00,"0.1.42"
iad-kalshi,"raw/2026-06-17/05/ws.jsonl.gz",10860629,2026-06-17T06:00:21.637000+00:00,"0.1.42"
iad-kalshi,"parquet/2026-06-17/05/orderbook_delta.parquet",10685146,2026-06-17T06:00:55.011000+00:00,"0.1.42"
iad-kalshi,"raw/2026-06-17/06/ws.jsonl.gz",9620923,2026-06-17T07:00:22.359000+00:00,"0.1.42"
iad-kalshi,"parquet/2026-06-17/06/orderbook_delta.parquet",9649063,2026-06-17T07:00:44.139000+00:00,"0.1.42"
iad-kalshi,"raw/2026-06-17/07/ws.jsonl.gz",9731740,2026-06-17T08:00:21.836000+00:00,"0.1.42"
iad-kalshi,"parquet/2026-06-17/07/orderbook_delta.parquet",9582040,2026-06-17T08:00:35.233000+00:00,"0.1.42"
iad-kalshi,"raw/2026-06-17/08/ws.jsonl.gz",10320837,2026-06-17T09:00:22.808000+00:00,"0.1.42"
iad-kalshi,"parquet/2026-06-17/08/orderbook_delta.parquet",10322074,2026-06-17T09:00:38.115000+00:00,"0.1.42"
iad-kalshi,"raw/2026-06-17/09/ws.jsonl.gz",11086066,2026-06-17T10:00:22.668000+00:00,"0.1.42"
iad-kalshi,"parquet/2026-06-17/09/orderbook_delta.parquet",11333490,2026-06-17T10:00:36.784000+00:00,"0.1.42"
iad-kalshi,"raw/2026-06-17/10/ws.jsonl.gz",10951832,2026-06-17T11:00:21.798000+00:00,"0.1.42"
iad-kalshi,"parquet/2026-06-17/10/orderbook_delta.parquet",10888365,2026-06-17T11:00:37.229000+00:00,"0.1.42"
iad-kalshi,"raw/2026-06-17/11/ws.jsonl.gz",13811119,2026-06-17T12:00:23.634000+00:00,"0.1.42"
iad-kalshi,"parquet/2026-06-17/11/orderbook_delta.parquet",13451736,2026-06-17T12:00:41.045000+00:00,"0.1.42"
iad-kalshi,"raw/2026-06-17/12/ws.jsonl.gz",13733904,2026-06-17T13:00:23.016000+00:00,"0.1.42"
iad-kalshi,"parquet/2026-06-17/12/orderbook_delta.parquet",13652915,2026-06-17T13:00:39.633000+00:00,"0.1.42"
iad-kalshi,"raw/2026-06-17/13/ws.jsonl.gz",12659104,2026-06-17T14:00:23.158000+00:00,"0.1.42"
iad-kalshi,"parquet/2026-06-17/13/orderbook_delta.parquet",12640994,2026-06-17T14:00:40.225000+00:00,"0.1.42"
iad-kalshi,"raw/2026-06-17/14/ws.jsonl.gz",21915649,2026-06-17T15:00:26.556000+00:00,"0.1.42"
iad-kalshi,"parquet/2026-06-17/14/orderbook_delta.parquet",21870991,2026-06-17T15:00:51.633000+00:00,"0.1.42"
iad-kalshi,"raw/2026-06-17/15/ws.jsonl.gz",25856084,2026-06-17T16:00:26.404000+00:00,"0.1.42"
iad-kalshi,"parquet/2026-06-17/15/orderbook_delta.parquet",26142584,2026-06-17T16:00:58.769000+00:00,"0.1.42"
iad-kalshi,"raw/2026-06-17/16/ws.jsonl.gz",28243027,2026-06-17T17:00:26.348000+00:00,"0.1.42"
iad-kalshi,"parquet/2026-06-17/16/orderbook_delta.parquet",28489744,2026-06-17T17:00:56.025000+00:00,"0.1.42"
iad-kalshi,"raw/2026-06-17/17/ws.jsonl.gz",28075141,2026-06-17T18:00:27.287000+00:00,"0.1.42"
iad-kalshi,"parquet/2026-06-17/17/orderbook_delta.parquet",27470296,2026-06-17T18:00:56.445000+00:00,"0.1.42"
iad-kalshi,"raw/2026-06-17/18/ws.jsonl.gz",24802371,2026-06-17T19:00:28.171000+00:00,"0.1.42"
iad-kalshi,"parquet/2026-06-17/18/orderbook_delta.parquet",25450126,2026-06-17T19:00:56.956000+00:00,"0.1.42"
iad-kalshi,"raw/2026-06-17/19/ws.jsonl.gz",26001253,2026-06-17T20:00:27.847000+00:00,"0.1.42"
iad-kalshi,"parquet/2026-06-17/19/orderbook_delta.parquet",25397702,2026-06-17T20:00:55.152000+00:00,"0.1.42"
iad-kalshi,"raw/2026-06-17/20/ws.jsonl.gz",30066731,2026-06-17T21:00:28.662000+00:00,"0.1.42"
iad-kalshi,"parquet/2026-06-17/20/orderbook_delta.parquet",31066861,2026-06-17T21:01:03.839000+00:00,"0.1.42"
iad-kalshi,"raw/2026-06-17/21/ws.jsonl.gz",39417576,2026-06-17T22:00:33.435000+00:00,"0.1.42"
iad-kalshi,"parquet/2026-06-17/21/orderbook_delta.parquet",43655354,2026-06-17T22:01:20.471000+00:00,"0.1.42"
iad-kalshi,"raw/2026-06-17/22/ws.jsonl.gz",40143246,2026-06-17T23:00:31.832000+00:00,"0.1.42"
iad-kalshi,"parquet/2026-06-17/22/orderbook_delta.parquet",47539803,2026-06-17T23:01:25.812000+00:00,"0.1.42"
iad-kalshi,"raw/2026-06-17/23/ws.jsonl.gz",23156276,2026-06-18T00:00:28.604000+00:00,"0.1.42"
iad-kalshi,"parquet/2026-06-17/23/orderbook_delta.parquet",25679157,2026-06-18T00:01:00.961000+00:00,"0.1.42"
iad-kalshi,"raw/2026-06-18/00/ws.jsonl.gz",18930837,2026-06-18T01:00:27.255000+00:00,"0.1.42"
iad-kalshi,"parquet/2026-06-18/00/orderbook_delta.parquet",18795615,2026-06-18T01:00:49.780000+00:00,"0.1.42"
iad-kalshi,"raw/2026-06-18/01/ws.jsonl.gz",20367991,2026-06-18T02:00:28.898000+00:00,"0.1.42"
iad-kalshi,"parquet/2026-06-18/01/orderbook_delta.parquet",18587209,2026-06-18T02:00:54.144000+00:00,"0.1.42"
iad-kalshi,"raw/2026-06-18/02/ws.jsonl.gz",19024143,2026-06-18T03:00:27.602000+00:00,"0.1.42"
iad-kalshi,"parquet/2026-06-18/02/orderbook_delta.parquet",18633842,2026-06-18T03:00:49.082000+00:00,"0.1.42"
iad-kalshi,"raw/2026-06-18/03/ws.jsonl.gz",19264744,2026-06-18T04:00:28.031000+00:00,"0.1.42"
iad-kalshi,"parquet/2026-06-18/03/orderbook_delta.parquet",18832064,2026-06-18T04:00:53.799000+00:00,"0.1.42"
iad-kalshi,"raw/2026-06-18/04/ws.jsonl.gz",31329781,2026-06-18T05:00:32.001000+00:00,"0.1.42"
iad-kalshi,"parquet/2026-06-18/04/orderbook_delta.parquet",33149397,2026-06-18T05:02:09.222000+00:00,"0.1.42"
iad-kalshi,"raw/2026-06-18/05/ws.jsonl.gz",25774700,2026-06-18T06:01:32.030000+00:00,"0.1.42"
iad-kalshi,"parquet/2026-06-18/05/orderbook_delta.parquet",25979119,2026-06-18T06:02:05.199000+00:00,"0.1.42"
iad-kalshi,"raw/2026-06-18/06/ws.jsonl.gz",21012946,2026-06-18T07:00:29.259000+00:00,"0.1.42"
iad-kalshi,"parquet/2026-06-18/06/orderbook_delta.parquet",20985480,2026-06-18T07:00:53.118000+00:00,"0.1.42"
iad-kalshi,"raw/2026-06-18/09/ws.jsonl.gz",11453595,2026-06-18T10:00:28.248000+00:00,"0.1.42"
iad-kalshi,"parquet/2026-06-18/09/orderbook_delta.parquet",9717746,2026-06-18T10:00:41.989000+00:00,"0.1.42"
iad-kalshi,"raw/2026-06-18/10/ws.jsonl.gz",11571868,2026-06-18T11:00:27.678000+00:00,"0.1.42"
iad-kalshi,"parquet/2026-06-18/10/orderbook_delta.parquet",10000703,2026-06-18T11:00:43.388000+00:00,"0.1.42"
iad-kalshi,"raw/2026-06-18/11/ws.jsonl.gz",11391379,2026-06-18T12:00:28.203000+00:00,"0.1.42"
iad-kalshi,"parquet/2026-06-18/11/orderbook_delta.parquet",9927020,2026-06-18T12:00:46.265000+00:00,"0.1.42"
iad-kalshi,"raw/2026-06-18/12/ws.jsonl.gz",10252365,2026-06-18T13:00:28.076000+00:00,"0.1.42"
iad-kalshi,"parquet/2026-06-18/12/orderbook_delta.parquet",9390229,2026-06-18T13:00:41.580000+00:00,"0.1.42"
iad-kalshi,"raw/2026-06-18/13/ws.jsonl.gz",9092552,2026-06-18T14:00:29.309000+00:00,"0.1.42"
iad-kalshi,"parquet/2026-06-18/13/orderbook_delta.parquet",8114115,2026-06-18T14:00:41.824000+00:00,"0.1.42"
iad-kalshi,"raw/2026-06-18/14/ws.jsonl.gz",13360118,2026-06-18T15:00:28.919000+00:00,"0.1.42"
iad-kalshi,"parquet/2026-06-18/14/orderbook_delta.parquet",11551612,2026-06-18T15:00:49.981000+00:00,"0.1.42"
iad-kalshi,"raw/2026-06-18/15/ws.jsonl.gz",19459142,2026-06-18T16:00:33.681000+00:00,"0.1.42"
iad-kalshi,"parquet/2026-06-18/15/orderbook_delta.parquet",19932269,2026-06-18T16:00:56.827000+00:00,"0.1.42"
iad-kalshi,"raw/2026-06-18/16/ws.jsonl.gz",27685698,2026-06-18T17:00:34.134000+00:00,"0.1.42"
iad-kalshi,"parquet/2026-06-18/16/orderbook_delta.parquet",28696118,2026-06-18T17:01:03.738000+00:00,"0.1.42"
iad-kalshi,"raw/2026-06-18/17/ws.jsonl.gz",28954782,2026-06-18T18:00:33.580000+00:00,"0.1.42"
iad-kalshi,"parquet/2026-06-18/17/orderbook_delta.parquet",28904401,2026-06-18T18:01:28.735000+00:00,"0.1.42"
iad-kalshi,"raw/2026-06-18/18/ws.jsonl.gz",25165641,2026-06-18T19:00:31.952000+00:00,"0.1.42"
iad-kalshi,"parquet/2026-06-18/18/orderbook_delta.parquet",24155627,2026-06-18T19:01:00.209000+00:00,"0.1.42"
iad-kalshi,"raw/2026-06-18/19/ws.jsonl.gz",22309465,2026-06-18T20:00:30.736000+00:00,"0.1.42"
iad-kalshi,"parquet/2026-06-18/19/orderbook_delta.parquet",20100375,2026-06-18T20:00:54.015000+00:00,"0.1.42"
iad-kalshi,"raw/2026-06-18/20/ws.jsonl.gz",20525545,2026-06-18T21:00:31.667000+00:00,"0.1.42"
iad-kalshi,"parquet/2026-06-18/20/orderbook_delta.parquet",17759709,2026-06-18T21:00:54.692000+00:00,"0.1.42"
iad-kalshi,"raw/2026-06-18/21/ws.jsonl.gz",21585467,2026-06-18T22:00:34.477000+00:00,"0.1.42"
iad-kalshi,"parquet/2026-06-18/21/orderbook_delta.parquet",20955496,2026-06-18T22:00:59.155000+00:00,"0.1.42"
iad-kalshi,"raw/2026-06-18/22/ws.jsonl.gz",14051637,2026-06-18T23:00:30.666000+00:00,"0.1.42"
iad-kalshi,"parquet/2026-06-18/22/orderbook_delta.parquet",14314852,2026-06-18T23:00:49.135000+00:00,"0.1.42"
iad-kalshi,"raw/2026-06-18/23/ws.jsonl.gz",14160593,2026-06-19T00:00:30.280000+00:00,"0.1.42"
iad-kalshi,"parquet/2026-06-18/23/orderbook_delta.parquet",14141335,2026-06-19T00:00:48.044000+00:00,"0.1.42"
iad-kalshi,"raw/2026-06-19/00/ws.jsonl.gz",13475686,2026-06-19T01:00:30.728000+00:00,"0.1.42"
iad-kalshi,"parquet/2026-06-19/00/orderbook_delta.parquet",14545867,2026-06-19T01:00:48.280000+00:00,"0.1.42"
iad-kalshi,"raw/2026-06-19/01/ws.jsonl.gz",7228428,2026-06-19T02:00:29.355000+00:00,"0.1.42"
iad-kalshi,"parquet/2026-06-19/01/orderbook_delta.parquet",6329583,2026-06-19T02:00:40.696000+00:00,"0.1.42"
iad-kalshi,"raw/2026-06-19/02/ws.jsonl.gz",6531854,2026-06-19T03:00:28.888000+00:00,"0.1.42"
iad-kalshi,"raw/2026-06-19/03/ws.jsonl.gz",7230712,2026-06-19T04:00:30.376000+00:00,"0.1.42"
iad-kalshi,"parquet/2026-06-19/03/orderbook_delta.parquet",5617587,2026-06-19T04:00:42.957000+00:00,"0.1.42"
iad-kalshi,"raw/2026-06-19/04/ws.jsonl.gz",7174048,2026-06-19T05:00:29.391000+00:00,"0.1.42"
iad-kalshi,"parquet/2026-06-19/04/orderbook_delta.parquet",5652792,2026-06-19T05:00:40.457000+00:00,"0.1.42"
iad-kalshi,"raw/2026-06-19/05/ws.jsonl.gz",8228378,2026-06-19T06:00:30.641000+00:00,"0.1.42"
iad-kalshi,"parquet/2026-06-19/05/orderbook_delta.parquet",7114794,2026-06-19T06:00:41.640000+00:00,"0.1.42"
iad-kalshi,"raw/2026-06-19/06/ws.jsonl.gz",7939757,2026-06-19T07:00:30.287000+00:00,"0.1.42"
iad-kalshi,"parquet/2026-06-19/06/orderbook_delta.parquet",7209955,2026-06-19T07:00:42.636000+00:00,"0.1.42"
iad-kalshi,"raw/2026-06-19/07/ws.jsonl.gz",7064005,2026-06-19T08:00:29.994000+00:00,"0.1.42"
iad-kalshi,"parquet/2026-06-19/07/orderbook_delta.parquet",6060898,2026-06-19T08:00:43.956000+00:00,"0.1.42"
iad-kalshi,"raw/2026-06-19/08/ws.jsonl.gz",6296047,2026-06-19T09:00:29.781000+00:00,"0.1.42"
iad-kalshi,"parquet/2026-06-19/08/orderbook_delta.parquet",5528133,2026-06-19T09:00:39.197000+00:00,"0.1.42"
iad-kalshi,"raw/2026-06-19/09/ws.jsonl.gz",6592608,2026-06-19T10:00:30.413000+00:00,"0.1.42"
iad-kalshi,"parquet/2026-06-19/09/orderbook_delta.parquet",5661664,2026-06-19T10:00:40.758000+00:00,"0.1.42"
iad-kalshi,"raw/2026-06-19/10/ws.jsonl.gz",7117849,2026-06-19T11:00:30.221000+00:00,"0.1.42"
iad-kalshi,"parquet/2026-06-19/10/orderbook_delta.parquet",6285755,2026-06-19T11:00:40.078000+00:00,"0.1.42"
iad-kalshi,"raw/2026-06-19/11/ws.jsonl.gz",7588261,2026-06-19T12:00:30.681000+00:00,"0.1.42"
iad-kalshi,"parquet/2026-06-19/11/orderbook_delta.parquet",6674868,2026-06-19T12:00:40.743000+00:00,"0.1.42"
iad-kalshi,"raw/2026-06-19/12/ws.jsonl.gz",7463229,2026-06-19T13:00:31.717000+00:00,"0.1.42"
iad-kalshi,"parquet/2026-06-19/12/orderbook_delta.parquet",6298191,2026-06-19T13:00:41.483000+00:00,"0.1.42"
iad-kalshi,"raw/2026-06-19/13/ws.jsonl.gz",7898619,2026-06-19T14:00:31.790000+00:00,"0.1.42"
iad-kalshi,"parquet/2026-06-19/13/orderbook_delta.parquet",6593969,2026-06-19T14:00:41.753000+00:00,"0.1.42"
iad-kalshi,"raw/2026-06-19/14/ws.jsonl.gz",17250349,2026-06-19T15:00:32.711000+00:00,"0.1.42"
iad-kalshi,"parquet/2026-06-19/14/orderbook_delta.parquet",15782779,2026-06-19T15:00:51.537000+00:00,"0.1.42"
iad-kalshi,"raw/2026-06-19/15/ws.jsonl.gz",17481611,2026-06-19T16:00:33.770000+00:00,"0.1.42"
iad-kalshi,"parquet/2026-06-19/15/orderbook_delta.parquet",15084691,2026-06-19T16:00:54.455000+00:00,"0.1.42"
iad-kalshi,"raw/2026-06-19/16/ws.jsonl.gz",20699906,2026-06-19T17:00:41.838000+00:00,"0.1.42"
iad-kalshi,"parquet/2026-06-19/16/orderbook_delta.parquet",18420029,2026-06-19T17:01:04.910000+00:00,"0.1.42"
iad-kalshi,"raw/2026-06-19/17/ws.jsonl.gz",35269197,2026-06-19T18:00:39.153000+00:00,"0.1.42"
iad-kalshi,"parquet/2026-06-19/17/orderbook_delta.parquet",35975997,2026-06-19T18:01:22.661000+00:00,"0.1.42"
iad-kalshi,"raw/2026-06-19/18/ws.jsonl.gz",29530477,2026-06-19T19:00:36.010000+00:00,"0.1.42"
iad-kalshi,"parquet/2026-06-19/18/orderbook_delta.parquet",28263814,2026-06-19T19:01:07.535000+00:00,"0.1.42"
iad-kalshi,"raw/2026-06-19/19/ws.jsonl.gz",32300860,2026-06-19T20:00:07.462000+00:00,"0.1.42"
iad-kalshi,"parquet/2026-06-19/19/orderbook_delta.parquet",28610481,2026-06-19T20:00:42.323000+00:00,"0.1.42"
iad-kalshi,"raw/2026-06-19/20/ws.jsonl.gz",31459262,2026-06-19T21:00:06.978000+00:00,"0.1.42"
iad-kalshi,"parquet/2026-06-19/20/orderbook_delta.parquet",27284049,2026-06-19T21:00:41.116000+00:00,"0.1.42"
iad-kalshi,"raw/2026-06-19/21/ws.jsonl.gz",39976807,2026-06-19T22:00:11.492000+00:00,"0.1.42"
iad-kalshi,"parquet/2026-06-19/21/orderbook_delta.parquet",39105006,2026-06-19T22:00:53.861000+00:00,"0.1.42"
iad-kalshi,"raw/2026-06-19/22/ws.jsonl.gz",32883829,2026-06-19T23:00:10.466000+00:00,"0.1.42"
iad-kalshi,"parquet/2026-06-19/22/orderbook_delta.parquet",31285325,2026-06-19T23:00:44.953000+00:00,"0.1.42"
iad-kalshi,"raw/2026-06-19/23/ws.jsonl.gz",29139150,2026-06-20T00:00:08.895000+00:00,"0.1.42"
iad-kalshi,"parquet/2026-06-19/23/orderbook_delta.parquet",28147412,2026-06-20T00:00:42.861000+00:00,"0.1.42"
iad-kalshi,"raw/2026-06-20/00/ws.jsonl.gz",27359761,2026-06-20T01:00:08.255000+00:00,"0.1.42"
iad-kalshi,"parquet/2026-06-20/00/orderbook_delta.parquet",25655211,2026-06-20T01:00:41.086000+00:00,"0.1.42"
iad-kalshi,"raw/2026-06-20/01/ws.jsonl.gz",22530124,2026-06-20T02:00:06.611000+00:00,"0.1.42"
iad-kalshi,"parquet/2026-06-20/01/orderbook_delta.parquet",18872039,2026-06-20T02:00:31.722000+00:00,"0.1.42"
iad-kalshi,"raw/2026-06-20/02/ws.jsonl.gz",19749800,2026-06-20T03:00:07.559000+00:00,"0.1.42"
iad-kalshi,"parquet/2026-06-20/02/orderbook_delta.parquet",17062901,2026-06-20T03:00:31.679000+00:00,"0.1.42"
iad-kalshi,"raw/2026-06-20/03/ws.jsonl.gz",21776944,2026-06-20T04:01:08.016000+00:00,"0.1.42"
iad-kalshi,"parquet/2026-06-20/03/orderbook_delta.parquet",18294869,2026-06-20T04:01:39.360000+00:00,"0.1.42"
iad-kalshi,"raw/2026-06-20/04/ws.jsonl.gz",18975678,2026-06-20T05:01:07.960000+00:00,"0.1.42"
iad-kalshi,"parquet/2026-06-20/04/orderbook_delta.parquet",16530043,2026-06-20T05:01:28.668000+00:00,"0.1.42"
iad-kalshi,"raw/2026-06-20/05/ws.jsonl.gz",23265624,2026-06-20T06:00:08.211000+00:00,"0.1.42"
iad-kalshi,"parquet/2026-06-20/05/orderbook_delta.parquet",20950511,2026-06-20T06:00:32.478000+00:00,"0.1.42"
iad-kalshi,"raw/2026-06-20/06/ws.jsonl.gz",23321992,2026-06-20T07:00:07.217000+00:00,"0.1.42"
iad-kalshi,"parquet/2026-06-20/06/orderbook_delta.parquet",21876346,2026-06-20T07:00:33.068000+00:00,"0.1.42"
iad-kalshi,"raw/2026-06-20/07/ws.jsonl.gz",22985844,2026-06-20T08:00:07.256000+00:00,"0.1.42"
iad-kalshi,"parquet/2026-06-20/07/orderbook_delta.parquet",22298074,2026-06-20T08:00:33.651000+00:00,"0.1.42"
iad-kalshi,"raw/2026-06-20/08/ws.jsonl.gz",16626757,2026-06-20T09:00:07.223000+00:00,"0.1.42"
iad-kalshi,"parquet/2026-06-20/08/orderbook_delta.parquet",16953490,2026-06-20T09:00:29.871000+00:00,"0.1.42"
iad-kalshi,"raw/2026-06-20/09/ws.jsonl.gz",15094933,2026-06-20T10:00:06.488000+00:00,"0.1.42"
iad-kalshi,"parquet/2026-06-20/09/orderbook_delta.parquet",15801672,2026-06-20T10:00:26.638000+00:00,"0.1.42"
iad-kalshi,"raw/2026-06-20/10/ws.jsonl.gz",16895525,2026-06-20T11:00:06.823000+00:00,"0.1.42"
iad-kalshi,"parquet/2026-06-20/10/orderbook_delta.parquet",17735802,2026-06-20T11:00:28.171000+00:00,"0.1.42"
iad-kalshi,"raw/2026-06-20/11/ws.jsonl.gz",19884276,2026-06-20T12:00:07.771000+00:00,"0.1.42"
iad-kalshi,"parquet/2026-06-20/11/orderbook_delta.parquet",20093341,2026-06-20T12:00:32.441000+00:00,"0.1.42"
iad-kalshi,"raw/2026-06-20/12/ws.jsonl.gz",18159074,2026-06-20T13:00:07.838000+00:00,"0.1.42"
iad-kalshi,"parquet/2026-06-20/12/orderbook_delta.parquet",17739456,2026-06-20T13:00:30.610000+00:00,"0.1.42"
iad-kalshi,"raw/2026-06-20/13/ws.jsonl.gz",18075643,2026-06-20T14:00:07.639000+00:00,"0.1.42"
iad-kalshi,"parquet/2026-06-20/13/orderbook_delta.parquet",17562625,2026-06-20T14:00:28.831000+00:00,"0.1.42"
iad-kalshi,"raw/2026-06-20/14/ws.jsonl.gz",30357051,2026-06-20T15:00:10.254000+00:00,"0.1.42"
iad-kalshi,"parquet/2026-06-20/14/orderbook_delta.parquet",28463100,2026-06-20T15:00:42.427000+00:00,"0.1.42"
iad-kalshi,"raw/2026-06-20/15/ws.jsonl.gz",24902877,2026-06-20T16:00:09.391000+00:00,"0.1.42"
iad-kalshi,"parquet/2026-06-20/15/orderbook_delta.parquet",21699934,2026-06-20T16:00:34.525000+00:00,"0.1.42"
iad-kalshi,"raw/2026-06-20/16/ws.jsonl.gz",28408376,2026-06-20T17:00:11.242000+00:00,"0.1.42"
iad-kalshi,"parquet/2026-06-20/16/orderbook_delta.parquet",27516708,2026-06-20T17:00:44.319000+00:00,"0.1.42"
iad-kalshi,"raw/2026-06-20/17/ws.jsonl.gz",25339081,2026-06-20T18:00:09.868000+00:00,"0.1.42"
iad-kalshi,"parquet/2026-06-20/17/orderbook_delta.parquet",23830713,2026-06-20T18:00:40.563000+00:00,"0.1.42"
iad-kalshi,"raw/2026-06-20/18/ws.jsonl.gz",27764539,2026-06-20T19:00:11.255000+00:00,"0.1.42"
iad-kalshi,"parquet/2026-06-20/18/orderbook_delta.parquet",27038408,2026-06-20T19:00:43.149000+00:00,"0.1.42"
iad-kalshi,"raw/2026-06-20/19/ws.jsonl.gz",31505742,2026-06-20T20:00:14.368000+00:00,"0.1.42"
iad-kalshi,"parquet/2026-06-20/19/orderbook_delta.parquet",31114557,2026-06-20T20:00:51.631000+00:00,"0.1.42"
iad-kalshi,"raw/2026-06-20/20/ws.jsonl.gz",26080390,2026-06-20T21:00:10.678000+00:00,"0.1.42"
iad-kalshi,"parquet/2026-06-20/20/orderbook_delta.parquet",24776872,2026-06-20T21:00:41.175000+00:00,"0.1.42"
iad-kalshi,"raw/2026-06-20/21/ws.jsonl.gz",35381344,2026-06-20T22:00:15.243000+00:00,"0.1.42"
iad-kalshi,"parquet/2026-06-20/21/orderbook_delta.parquet",36766496,2026-06-20T22:00:54.806000+00:00,"0.1.42"
iad-kalshi,"raw/2026-06-20/22/ws.jsonl.gz",22256179,2026-06-20T23:00:10.804000+00:00,"0.1.42"
iad-kalshi,"parquet/2026-06-20/22/orderbook_delta.parquet",23427775,2026-06-20T23:00:36.158000+00:00,"0.1.42"
iad-kalshi,"raw/2026-06-20/23/ws.jsonl.gz",17280193,2026-06-21T00:00:09.891000+00:00,"0.1.42"
iad-kalshi,"parquet/2026-06-20/23/orderbook_delta.parquet",16792771,2026-06-21T00:00:28.970000+00:00,"0.1.42"
iad-kalshi,"raw/2026-06-21/00/ws.jsonl.gz",15424932,2026-06-21T01:00:09.762000+00:00,"0.1.42"
iad-kalshi,"parquet/2026-06-21/00/orderbook_delta.parquet",13932115,2026-06-21T01:00:32.929000+00:00,"0.1.42"
iad-kalshi,"raw/2026-06-21/01/ws.jsonl.gz",17290482,2026-06-21T02:00:09.462000+00:00,"0.1.42"
iad-kalshi,"parquet/2026-06-21/01/orderbook_delta.parquet",15073798,2026-06-21T02:00:31.738000+00:00,"0.1.42"
iad-kalshi,"raw/2026-06-21/02/ws.jsonl.gz",17550809,2026-06-21T03:00:09.985000+00:00,"0.1.42"
iad-kalshi,"parquet/2026-06-21/02/orderbook_delta.parquet",14401968,2026-06-21T03:00:30.149000+00:00,"0.1.42"
iad-kalshi,"raw/2026-06-21/03/ws.jsonl.gz",16248074,2026-06-21T04:00:09.915000+00:00,"0.1.42"
iad-kalshi,"parquet/2026-06-21/03/orderbook_delta.parquet",13285602,2026-06-21T04:00:29.005000+00:00,"0.1.42"
iad-kalshi,"raw/2026-06-21/04/ws.jsonl.gz",16014422,2026-06-21T05:00:09.763000+00:00,"0.1.42"
iad-kalshi,"parquet/2026-06-21/04/orderbook_delta.parquet",12955986,2026-06-21T05:00:27.595000+00:00,"0.1.42"
iad-kalshi,"raw/2026-06-21/05/ws.jsonl.gz",13647740,2026-06-21T06:00:09.146000+00:00,"0.1.42"
iad-kalshi,"parquet/2026-06-21/05/orderbook_delta.parquet",11869520,2026-06-21T06:00:26.706000+00:00,"0.1.42"
iad-kalshi,"raw/2026-06-21/06/ws.jsonl.gz",15943207,2026-06-21T07:00:09.799000+00:00,"0.1.42"
iad-kalshi,"parquet/2026-06-21/06/orderbook_delta.parquet",14196111,2026-06-21T07:00:29.890000+00:00,"0.1.42"
iad-kalshi,"raw/2026-06-21/07/ws.jsonl.gz",14564692,2026-06-21T08:00:10.157000+00:00,"0.1.42"
iad-kalshi,"parquet/2026-06-21/07/orderbook_delta.parquet",13035377,2026-06-21T08:00:29.248000+00:00,"0.1.42"
iad-kalshi,"raw/2026-06-21/08/ws.jsonl.gz",10733259,2026-06-21T09:00:10.168000+00:00,"0.1.42"
iad-kalshi,"parquet/2026-06-21/08/orderbook_delta.parquet",10062358,2026-06-21T09:00:24.226000+00:00,"0.1.42"
iad-kalshi,"raw/2026-06-21/09/ws.jsonl.gz",9344884,2026-06-21T10:00:09.392000+00:00,"0.1.42"
iad-kalshi,"parquet/2026-06-21/09/orderbook_delta.parquet",9021610,2026-06-21T10:00:21.203000+00:00,"0.1.42"
iad-kalshi,"raw/2026-06-21/10/ws.jsonl.gz",8151917,2026-06-21T11:00:09.224000+00:00,"0.1.42"
iad-kalshi,"parquet/2026-06-21/10/orderbook_delta.parquet",8434386,2026-06-21T11:00:23.814000+00:00,"0.1.42"
iad-kalshi,"raw/2026-06-21/11/ws.jsonl.gz",10885707,2026-06-21T12:00:09.453000+00:00,"0.1.42"
iad-kalshi,"parquet/2026-06-21/11/orderbook_delta.parquet",10780399,2026-06-21T12:00:23.469000+00:00,"0.1.42"
iad-kalshi,"raw/2026-06-21/12/ws.jsonl.gz",16279853,2026-06-21T13:00:10.598000+00:00,"0.1.42"
iad-kalshi,"parquet/2026-06-21/12/orderbook_delta.parquet",16374052,2026-06-21T13:00:30.521000+00:00,"0.1.42"
iad-kalshi,"raw/2026-06-21/13/ws.jsonl.gz",19402822,2026-06-21T14:00:11.180000+00:00,"0.1.42"
iad-kalshi,"parquet/2026-06-21/13/orderbook_delta.parquet",19261769,2026-06-21T14:00:35.329000+00:00,"0.1.42"
iad-kalshi,"raw/2026-06-21/14/ws.jsonl.gz",35796752,2026-06-21T15:00:14.483000+00:00,"0.1.42"
iad-kalshi,"parquet/2026-06-21/14/orderbook_delta.parquet",34340366,2026-06-21T15:00:55.687000+00:00,"0.1.42"
iad-kalshi,"raw/2026-06-21/15/ws.jsonl.gz",28661601,2026-06-21T16:00:12.979000+00:00,"0.1.42"
iad-kalshi,"parquet/2026-06-21/15/orderbook_delta.parquet",25383728,2026-06-21T16:00:44.541000+00:00,"0.1.42"
iad-kalshi,"raw/2026-06-21/16/ws.jsonl.gz",23597711,2026-06-21T17:00:13.326000+00:00,"0.1.42"
iad-kalshi,"parquet/2026-06-21/16/orderbook_delta.parquet",20589474,2026-06-21T17:00:37.517000+00:00,"0.1.42"
iad-kalshi,"raw/2026-06-21/17/ws.jsonl.gz",23136881,2026-06-21T18:00:12.592000+00:00,"0.1.42"
iad-kalshi,"parquet/2026-06-21/17/orderbook_delta.parquet",20870096,2026-06-21T18:00:37.433000+00:00,"0.1.42"
iad-kalshi,"raw/2026-06-21/18/ws.jsonl.gz",23355826,2026-06-21T19:00:13.181000+00:00,"0.1.42"
iad-kalshi,"parquet/2026-06-21/18/orderbook_delta.parquet",21049159,2026-06-21T19:00:38.090000+00:00,"0.1.42"
iad-kalshi,"raw/2026-06-21/19/ws.jsonl.gz",21764497,2026-06-21T20:00:13.136000+00:00,"0.1.42"
iad-kalshi,"parquet/2026-06-21/19/orderbook_delta.parquet",19432683,2026-06-21T20:00:37.003000+00:00,"0.1.42"
iad-kalshi,"raw/2026-06-21/20/ws.jsonl.gz",22880906,2026-06-21T21:00:14.159000+00:00,"0.1.42"
iad-kalshi,"parquet/2026-06-21/20/orderbook_delta.parquet",20856387,2026-06-21T21:00:42.245000+00:00,"0.1.42"
iad-kalshi,"raw/2026-06-21/21/ws.jsonl.gz",29714824,2026-06-21T22:00:15.553000+00:00,"0.1.42"
iad-kalshi,"parquet/2026-06-21/21/orderbook_delta.parquet",30581310,2026-06-21T22:00:53.985000+00:00,"0.1.42"
iad-kalshi,"raw/2026-06-21/22/ws.jsonl.gz",20764395,2026-06-21T23:00:13.391000+00:00,"0.1.42"
iad-kalshi,"parquet/2026-06-21/22/orderbook_delta.parquet",20296047,2026-06-21T23:00:37.725000+00:00,"0.1.42"
iad-kalshi,"raw/2026-06-21/23/ws.jsonl.gz",17419581,2026-06-22T00:00:12.318000+00:00,"0.1.42"
iad-kalshi,"parquet/2026-06-21/23/orderbook_delta.parquet",16354484,2026-06-22T00:00:30.908000+00:00,"0.1.42"
iad-kalshi,"raw/2026-06-22/00/ws.jsonl.gz",13594984,2026-06-22T01:00:11.517000+00:00,"0.1.42"
iad-kalshi,"parquet/2026-06-22/00/orderbook_delta.parquet",11934441,2026-06-22T01:00:28.422000+00:00,"0.1.42"
iad-kalshi,"raw/2026-06-22/01/ws.jsonl.gz",11949919,2026-06-22T02:00:11.679000+00:00,"0.1.42"
iad-kalshi,"parquet/2026-06-22/01/orderbook_delta.parquet",10099011,2026-06-22T02:00:25.322000+00:00,"0.1.42"
iad-kalshi,"raw/2026-06-22/02/ws.jsonl.gz",12393880,2026-06-22T03:00:11.598000+00:00,"0.1.42"
iad-kalshi,"parquet/2026-06-22/02/orderbook_delta.parquet",10529537,2026-06-22T03:00:29.092000+00:00,"0.1.42"
iad-kalshi,"raw/2026-06-22/03/ws.jsonl.gz",14211310,2026-06-22T04:00:12.308000+00:00,"0.1.42"
iad-kalshi,"parquet/2026-06-22/03/orderbook_delta.parquet",12852985,2026-06-22T04:00:36.829000+00:00,"0.1.42"
iad-kalshi,"raw/2026-06-22/04/ws.jsonl.gz",15990623,2026-06-22T05:00:12.746000+00:00,"0.1.42"
iad-kalshi,"parquet/2026-06-22/04/orderbook_delta.parquet",14879857,2026-06-22T05:00:30.755000+00:00,"0.1.42"
iad-kalshi,"raw/2026-06-22/05/ws.jsonl.gz",18462276,2026-06-22T06:00:13.977000+00:00,"0.1.42"
iad-kalshi,"parquet/2026-06-22/05/orderbook_delta.parquet",18827153,2026-06-22T06:00:35.821000+00:00,"0.1.42"
iad-kalshi,"raw/2026-06-22/06/ws.jsonl.gz",12023029,2026-06-22T07:00:12.895000+00:00,"0.1.42"
iad-kalshi,"parquet/2026-06-22/06/orderbook_delta.parquet",10892610,2026-06-22T07:00:30.749000+00:00,"0.1.42"
iad-kalshi,"raw/2026-06-22/07/ws.jsonl.gz",14996958,2026-06-22T08:00:12.912000+00:00,"0.1.42"
iad-kalshi,"parquet/2026-06-22/07/orderbook_delta.parquet",13825985,2026-06-22T08:00:31.848000+00:00,"0.1.42"
iad-kalshi,"raw/2026-06-22/08/ws.jsonl.gz",10202729,2026-06-22T09:00:13.049000+00:00,"0.1.42"
iad-kalshi,"parquet/2026-06-22/08/orderbook_delta.parquet",9523958,2026-06-22T09:00:27.501000+00:00,"0.1.42"
iad-kalshi,"raw/2026-06-22/09/ws.jsonl.gz",10385682,2026-06-22T10:00:12.829000+00:00,"0.1.42"
iad-kalshi,"parquet/2026-06-22/09/orderbook_delta.parquet",9892641,2026-06-22T10:00:27.632000+00:00,"0.1.42"
iad-kalshi,"raw/2026-06-22/10/ws.jsonl.gz",10197136,2026-06-22T11:00:12.903000+00:00,"0.1.42"
iad-kalshi,"parquet/2026-06-22/10/orderbook_delta.parquet",10204849,2026-06-22T11:00:26.886000+00:00,"0.1.42"
iad-kalshi,"raw/2026-06-22/11/ws.jsonl.gz",11340843,2026-06-22T12:00:12.968000+00:00,"0.1.42"
iad-kalshi,"parquet/2026-06-22/11/orderbook_delta.parquet",11423687,2026-06-22T12:00:38.471000+00:00,"0.1.42"
iad-kalshi,"raw/2026-06-22/12/ws.jsonl.gz",13597056,2026-06-22T13:00:13.784000+00:00,"0.1.42"
iad-kalshi,"parquet/2026-06-22/12/orderbook_delta.parquet",13414525,2026-06-22T13:00:29.648000+00:00,"0.1.42"
iad-kalshi,"raw/2026-06-22/13/ws.jsonl.gz",15156308,2026-06-22T14:00:13.736000+00:00,"0.1.42"
iad-kalshi,"parquet/2026-06-22/13/orderbook_delta.parquet",15118754,2026-06-22T14:00:33.191000+00:00,"0.1.42"
iad-kalshi,"raw/2026-06-22/14/ws.jsonl.gz",31266550,2026-06-22T15:00:18.049000+00:00,"0.1.42"
iad-kalshi,"parquet/2026-06-22/14/orderbook_delta.parquet",30908036,2026-06-22T15:00:52.882000+00:00,"0.1.42"
iad-kalshi,"raw/2026-06-22/15/ws.jsonl.gz",23535458,2026-06-22T16:00:16.480000+00:00,"0.1.42"
iad-kalshi,"parquet/2026-06-22/15/orderbook_delta.parquet",23249301,2026-06-22T16:00:45.294000+00:00,"0.1.42"
iad-kalshi,"raw/2026-06-22/16/ws.jsonl.gz",23935484,2026-06-22T17:00:16.503000+00:00,"0.1.42"
iad-kalshi,"parquet/2026-06-22/16/orderbook_delta.parquet",23434591,2026-06-22T17:01:50.827000+00:00,"0.1.42"
iad-kalshi,"raw/2026-06-22/17/ws.jsonl.gz",23218035,2026-06-22T18:00:17.330000+00:00,"0.1.42"
iad-kalshi,"parquet/2026-06-22/17/orderbook_delta.parquet",21358714,2026-06-22T18:00:44.924000+00:00,"0.1.42"
iad-kalshi,"raw/2026-06-22/18/ws.jsonl.gz",26974885,2026-06-22T19:00:17.424000+00:00,"0.1.42"
iad-kalshi,"parquet/2026-06-22/18/orderbook_delta.parquet",24828897,2026-06-22T19:00:46.363000+00:00,"0.1.42"
iad-kalshi,"raw/2026-06-22/19/ws.jsonl.gz",38902408,2026-06-22T20:00:23.657000+00:00,"0.1.42"
iad-kalshi,"parquet/2026-06-22/19/orderbook_delta.parquet",39312175,2026-06-22T20:01:11.628000+00:00,"0.1.42"
iad-kalshi,"raw/2026-06-22/20/ws.jsonl.gz",45040312,2026-06-22T21:01:25.003000+00:00,"0.1.42"
iad-kalshi,"parquet/2026-06-22/20/orderbook_delta.parquet",48171233,2026-06-22T21:02:31.777000+00:00,"0.1.42"
iad-kalshi,"raw/2026-06-22/21/ws.jsonl.gz",37846514,2026-06-22T22:00:23.868000+00:00,"0.1.42"
iad-kalshi,"parquet/2026-06-22/21/orderbook_delta.parquet",39955831,2026-06-22T22:02:12.479000+00:00,"0.1.42"
iad-kalshi,"raw/2026-06-22/22/ws.jsonl.gz",38926182,2026-06-22T23:00:25.736000+00:00,"0.1.42"
iad-kalshi,"parquet/2026-06-22/22/orderbook_delta.parquet",43757395,2026-06-22T23:01:12.175000+00:00,"0.1.42"
iad-kalshi,"raw/2026-06-22/23/ws.jsonl.gz",26171010,2026-06-23T00:00:21.577000+00:00,"0.1.42"
iad-kalshi,"parquet/2026-06-22/23/orderbook_delta.parquet",28317315,2026-06-23T00:01:33.503000+00:00,"0.1.42"
iad-kalshi,"raw/2026-06-23/00/ws.jsonl.gz",14963968,2026-06-23T01:00:16.310000+00:00,"0.1.42"
iad-kalshi,"parquet/2026-06-23/00/orderbook_delta.parquet",13763251,2026-06-23T01:00:33.019000+00:00,"0.1.42"
iad-kalshi,"raw/2026-06-23/01/ws.jsonl.gz",13662541,2026-06-23T02:00:16.998000+00:00,"0.1.42"
iad-kalshi,"parquet/2026-06-23/01/orderbook_delta.parquet",11690180,2026-06-23T02:00:55.096000+00:00,"0.1.42"
iad-kalshi,"raw/2026-06-23/02/ws.jsonl.gz",14966877,2026-06-23T03:00:16.621000+00:00,"0.1.42"
iad-kalshi,"parquet/2026-06-23/02/orderbook_delta.parquet",13034533,2026-06-23T03:00:34.427000+00:00,"0.1.42"
iad-kalshi,"raw/2026-06-23/03/ws.jsonl.gz",13334882,2026-06-23T04:00:17.132000+00:00,"0.1.42"
iad-kalshi,"parquet/2026-06-23/03/orderbook_delta.parquet",11584719,2026-06-23T04:01:36.648000+00:00,"0.1.42"
iad-kalshi,"raw/2026-06-23/04/ws.jsonl.gz",13529236,2026-06-23T05:00:16.323000+00:00,"0.1.42"
iad-kalshi,"parquet/2026-06-23/04/orderbook_delta.parquet",12322579,2026-06-23T05:00:41.258000+00:00,"0.1.42"
iad-kalshi,"raw/2026-06-23/05/ws.jsonl.gz",15685166,2026-06-23T06:00:16.745000+00:00,"0.1.42"
iad-kalshi,"parquet/2026-06-23/05/orderbook_delta.parquet",14453054,2026-06-23T06:00:40.691000+00:00,"0.1.42"
iad-kalshi,"raw/2026-06-23/06/ws.jsonl.gz",19521251,2026-06-23T07:00:17.692000+00:00,"0.1.42"
iad-kalshi,"parquet/2026-06-23/06/orderbook_delta.parquet",19192637,2026-06-23T07:01:42.405000+00:00,"0.1.42"
iad-kalshi,"raw/2026-06-23/07/ws.jsonl.gz",19781604,2026-06-23T08:00:17.987000+00:00,"0.1.42"
iad-kalshi,"parquet/2026-06-23/07/orderbook_delta.parquet",20295005,2026-06-23T08:00:41.201000+00:00,"0.1.42"
iad-kalshi,"raw/2026-06-23/08/ws.jsonl.gz",14451240,2026-06-23T09:00:17.724000+00:00,"0.1.42"
iad-kalshi,"parquet/2026-06-23/08/orderbook_delta.parquet",14827294,2026-06-23T09:00:38.067000+00:00,"0.1.42"
iad-kalshi,"raw/2026-06-23/09/ws.jsonl.gz",14233493,2026-06-23T10:01:17.664000+00:00,"0.1.42"
iad-kalshi,"parquet/2026-06-23/09/orderbook_delta.parquet",14622354,2026-06-23T10:01:35.582000+00:00,"0.1.42"
iad-kalshi,"raw/2026-06-23/10/ws.jsonl.gz",14008916,2026-06-23T11:00:18.260000+00:00,"0.1.42"
iad-kalshi,"parquet/2026-06-23/10/orderbook_delta.parquet",14430180,2026-06-23T11:01:35.397000+00:00,"0.1.42"
iad-kalshi,"raw/2026-06-23/11/ws.jsonl.gz",14093889,2026-06-23T12:00:18.312000+00:00,"0.1.42"
iad-kalshi,"parquet/2026-06-23/11/orderbook_delta.parquet",14282024,2026-06-23T12:00:38.683000+00:00,"0.1.42"
iad-kalshi,"raw/2026-06-23/12/ws.jsonl.gz",12621807,2026-06-23T13:00:17.333000+00:00,"0.1.42"
iad-kalshi,"parquet/2026-06-23/12/orderbook_delta.parquet",12869015,2026-06-23T13:00:34.397000+00:00,"0.1.42"
iad-kalshi,"raw/2026-06-23/13/ws.jsonl.gz",15869350,2026-06-23T14:00:19.123000+00:00,"0.1.42"
iad-kalshi,"parquet/2026-06-23/13/orderbook_delta.parquet",16301935,2026-06-23T14:01:41.910000+00:00,"0.1.42"
iad-kalshi,"raw/2026-06-23/14/ws.jsonl.gz",29792231,2026-06-23T15:00:21.186000+00:00,"0.1.42"
iad-kalshi,"parquet/2026-06-23/14/orderbook_delta.parquet",29951439,2026-06-23T15:00:57.375000+00:00,"0.1.42"
iad-kalshi,"raw/2026-06-23/15/ws.jsonl.gz",32675866,2026-06-23T16:00:22.138000+00:00,"0.1.42"
iad-kalshi,"parquet/2026-06-23/15/orderbook_delta.parquet",33172494,2026-06-23T16:01:01.977000+00:00,"0.1.42"
iad-kalshi,"raw/2026-06-23/16/ws.jsonl.gz",25315123,2026-06-23T17:00:20.362000+00:00,"0.1.42"
iad-kalshi,"parquet/2026-06-23/16/orderbook_delta.parquet",24498174,2026-06-23T17:00:50.910000+00:00,"0.1.42"
iad-kalshi,"raw/2026-06-23/17/ws.jsonl.gz",30413608,2026-06-23T18:00:22.868000+00:00,"0.1.42"
iad-kalshi,"parquet/2026-06-23/17/orderbook_delta.parquet",32002769,2026-06-23T18:01:10.141000+00:00,"0.1.42"
iad-kalshi,"raw/2026-06-23/18/ws.jsonl.gz",35883644,2026-06-23T19:00:25.727000+00:00,"0.1.42"
iad-kalshi,"parquet/2026-06-23/18/orderbook_delta.parquet",38503745,2026-06-23T19:01:13.770000+00:00,"0.1.42"
iad-kalshi,"raw/2026-06-23/19/ws.jsonl.gz",41326082,2026-06-23T20:00:28.034000+00:00,"0.1.42"
iad-kalshi,"parquet/2026-06-23/19/orderbook_delta.parquet",44404017,2026-06-23T20:01:29.072000+00:00,"0.1.42"
iad-kalshi,"raw/2026-06-23/20/ws.jsonl.gz",37861172,2026-06-23T21:00:26.232000+00:00,"0.1.42"
iad-kalshi,"parquet/2026-06-23/20/orderbook_delta.parquet",41012531,2026-06-23T21:01:18.760000+00:00,"0.1.42"
iad-kalshi,"raw/2026-06-23/21/ws.jsonl.gz",36778085,2026-06-23T22:00:28.540000+00:00,"0.1.42"
iad-kalshi,"parquet/2026-06-23/21/orderbook_delta.parquet",38922629,2026-06-23T22:01:19.555000+00:00,"0.1.42"
iad-kalshi,"raw/2026-06-23/22/ws.jsonl.gz",40593047,2026-06-23T23:00:27.941000+00:00,"0.1.42"
iad-kalshi,"parquet/2026-06-23/22/orderbook_delta.parquet",44627404,2026-06-23T23:01:18.444000+00:00,"0.1.42"
iad-kalshi,"raw/2026-06-23/23/ws.jsonl.gz",28849526,2026-06-24T00:00:24.738000+00:00,"0.1.42"
iad-kalshi,"parquet/2026-06-23/23/orderbook_delta.parquet",30774921,2026-06-24T00:00:58.651000+00:00,"0.1.42"
iad-kalshi,"raw/2026-06-24/00/ws.jsonl.gz",21546387,2026-06-24T01:00:21.885000+00:00,"0.1.42"
iad-kalshi,"parquet/2026-06-24/00/orderbook_delta.parquet",22260883,2026-06-24T01:00:48.013000+00:00,"0.1.42"
iad-kalshi,"raw/2026-06-24/01/ws.jsonl.gz",21124617,2026-06-24T02:00:21.185000+00:00,"0.1.42"
iad-kalshi,"parquet/2026-06-24/01/orderbook_delta.parquet",22515833,2026-06-24T02:00:56.394000+00:00,"0.1.42"
iad-kalshi,"raw/2026-06-24/02/ws.jsonl.gz",22142813,2026-06-24T03:00:21.262000+00:00,"0.1.42"
iad-kalshi,"parquet/2026-06-24/02/orderbook_delta.parquet",23316882,2026-06-24T03:00:49.096000+00:00,"0.1.42"
iad-kalshi,"raw/2026-06-24/03/ws.jsonl.gz",19379050,2026-06-24T04:00:20.439000+00:00,"0.1.42"
iad-kalshi,"parquet/2026-06-24/03/orderbook_delta.parquet",20618418,2026-06-24T04:01:30.864000+00:00,"0.1.42"
iad-kalshi,"raw/2026-06-24/04/ws.jsonl.gz",21063500,2026-06-24T05:01:22.883000+00:00,"0.1.42"
iad-kalshi,"parquet/2026-06-24/04/orderbook_delta.parquet",22910457,2026-06-24T05:01:53.890000+00:00,"0.1.42"
iad-kalshi,"raw/2026-06-24/05/ws.jsonl.gz",23217665,2026-06-24T06:00:21.435000+00:00,"0.1.42"
iad-kalshi,"parquet/2026-06-24/05/orderbook_delta.parquet",24517811,2026-06-24T06:00:49.244000+00:00,"0.1.42"
iad-kalshi,"raw/2026-06-24/06/ws.jsonl.gz",21116804,2026-06-24T07:00:23.298000+00:00,"0.1.42"
iad-kalshi,"parquet/2026-06-24/06/orderbook_delta.parquet",23179329,2026-06-24T07:00:55.178000+00:00,"0.1.42"
iad-kalshi,"raw/2026-06-24/07/ws.jsonl.gz",17318126,2026-06-24T08:00:20.713000+00:00,"0.1.42"
iad-kalshi,"parquet/2026-06-24/07/orderbook_delta.parquet",19255836,2026-06-24T08:00:46.831000+00:00,"0.1.42"
iad-kalshi,"raw/2026-06-24/08/ws.jsonl.gz",14340858,2026-06-24T09:00:20.099000+00:00,"0.1.42"
iad-kalshi,"parquet/2026-06-24/08/orderbook_delta.parquet",15106313,2026-06-24T09:00:40.341000+00:00,"0.1.42"
iad-kalshi,"raw/2026-06-24/09/ws.jsonl.gz",14874870,2026-06-24T10:00:20.088000+00:00,"0.1.42"
iad-kalshi,"parquet/2026-06-24/09/orderbook_delta.parquet",16521915,2026-06-24T10:00:39.393000+00:00,"0.1.42"
iad-kalshi,"raw/2026-06-24/10/ws.jsonl.gz",16474843,2026-06-24T11:00:20.885000+00:00,"0.1.42"
iad-kalshi,"parquet/2026-06-24/10/orderbook_delta.parquet",18112835,2026-06-24T11:00:41.642000+00:00,"0.1.42"
iad-kalshi,"raw/2026-06-24/11/ws.jsonl.gz",16006899,2026-06-24T12:00:21.477000+00:00,"0.1.42"
iad-kalshi,"parquet/2026-06-24/11/orderbook_delta.parquet",17478328,2026-06-24T12:00:40.807000+00:00,"0.1.42"
iad-kalshi,"raw/2026-06-24/12/ws.jsonl.gz",16997000,2026-06-24T13:00:21.377000+00:00,"0.1.42"
iad-kalshi,"parquet/2026-06-24/12/orderbook_delta.parquet",18886702,2026-06-24T13:00:44.303000+00:00,"0.1.42"
iad-kalshi,"raw/2026-06-24/13/ws.jsonl.gz",20953453,2026-06-24T14:00:24.142000+00:00,"0.1.42"
iad-kalshi,"parquet/2026-06-24/13/orderbook_delta.parquet",23561642,2026-06-24T14:00:52.904000+00:00,"0.1.42"
iad-kalshi,"raw/2026-06-24/14/ws.jsonl.gz",38411355,2026-06-24T15:00:30.462000+00:00,"0.1.42"
iad-kalshi,"parquet/2026-06-24/14/orderbook_delta.parquet",39672664,2026-06-24T15:01:18.082000+00:00,"0.1.42"
iad-kalshi,"raw/2026-06-24/15/ws.jsonl.gz",31252188,2026-06-24T16:00:25.446000+00:00,"0.1.42"
iad-kalshi,"parquet/2026-06-24/15/orderbook_delta.parquet",33943541,2026-06-24T16:01:02.703000+00:00,"0.1.42"
iad-kalshi,"raw/2026-06-24/16/ws.jsonl.gz",42594325,2026-06-24T17:00:27.957000+00:00,"0.1.42"
iad-kalshi,"parquet/2026-06-24/16/orderbook_delta.parquet",49232529,2026-06-24T17:01:24.836000+00:00,"0.1.42"
iad-kalshi,"raw/2026-06-24/17/ws.jsonl.gz",35867836,2026-06-24T18:00:28.041000+00:00,"0.1.42"
iad-kalshi,"parquet/2026-06-24/17/orderbook_delta.parquet",39130526,2026-06-24T18:01:13.253000+00:00,"0.1.42"
iad-kalshi,"raw/2026-06-24/18/ws.jsonl.gz",44130114,2026-06-24T19:00:31.288000+00:00,"0.1.42"
iad-kalshi,"parquet/2026-06-24/18/orderbook_delta.parquet",50165623,2026-06-24T19:01:34.179000+00:00,"0.1.42"
iad-kalshi,"raw/2026-06-24/19/ws.jsonl.gz",36126430,2026-06-24T20:00:28.483000+00:00,"0.1.42"
iad-kalshi,"parquet/2026-06-24/19/orderbook_delta.parquet",38961633,2026-06-24T20:01:11.188000+00:00,"0.1.42"
iad-kalshi,"raw/2026-06-24/20/ws.jsonl.gz",38584230,2026-06-24T21:00:28.321000+00:00,"0.1.42"
iad-kalshi,"parquet/2026-06-24/20/orderbook_delta.parquet",40279344,2026-06-24T21:01:12.780000+00:00,"0.1.42"
iad-kalshi,"raw/2026-06-24/21/ws.jsonl.gz",42963479,2026-06-24T22:00:29.959000+00:00,"0.1.42"
iad-kalshi,"parquet/2026-06-24/21/orderbook_delta.parquet",47000109,2026-06-24T22:01:22.073000+00:00,"0.1.42"
iad-kalshi,"raw/2026-06-24/22/ws.jsonl.gz",29687720,2026-06-24T23:00:28.405000+00:00,"0.1.42"
iad-kalshi,"parquet/2026-06-24/22/orderbook_delta.parquet",31448717,2026-06-24T23:01:05.052000+00:00,"0.1.42"
iad-kalshi,"raw/2026-06-24/23/ws.jsonl.gz",20655655,2026-06-25T00:00:26.340000+00:00,"0.1.42"
iad-kalshi,"parquet/2026-06-24/23/orderbook_delta.parquet",21062025,2026-06-25T00:00:49.609000+00:00,"0.1.42"
iad-kalshi,"raw/2026-06-25/00/ws.jsonl.gz",13040264,2026-06-25T01:00:24.747000+00:00,"0.1.42"
iad-kalshi,"parquet/2026-06-25/00/orderbook_delta.parquet",13172848,2026-06-25T01:00:40.534000+00:00,"0.1.42"
iad-kalshi,"raw/2026-06-25/01/ws.jsonl.gz",11006186,2026-06-25T02:00:23.528000+00:00,"0.1.42"
iad-kalshi,"parquet/2026-06-25/01/orderbook_delta.parquet",10967561,2026-06-25T02:00:40.368000+00:00,"0.1.42"
iad-kalshi,"raw/2026-06-25/02/ws.jsonl.gz",11930677,2026-06-25T03:00:24.370000+00:00,"0.1.42"
iad-kalshi,"parquet/2026-06-25/02/orderbook_delta.parquet",11950755,2026-06-25T03:00:41.655000+00:00,"0.1.42"
iad-kalshi,"raw/2026-06-25/03/ws.jsonl.gz",14145441,2026-06-25T04:00:25.027000+00:00,"0.1.42"
iad-kalshi,"parquet/2026-06-25/03/orderbook_delta.parquet",14494812,2026-06-25T04:00:44.772000+00:00,"0.1.42"
iad-kalshi,"raw/2026-06-25/04/ws.jsonl.gz",14698145,2026-06-25T05:00:18.475000+00:00,"0.1.42"
iad-kalshi,"parquet/2026-06-25/04/orderbook_delta.parquet",15975717,2026-06-25T05:00:49.563000+00:00,"0.1.42"
iad-kalshi,"raw/2026-06-25/05/ws.jsonl.gz",13935463,2026-06-25T06:00:16.027000+00:00,"0.1.42"
iad-kalshi,"parquet/2026-06-25/05/orderbook_delta.parquet",15320906,2026-06-25T06:00:34.060000+00:00,"0.1.42"
iad-kalshi,"raw/2026-06-25/06/ws.jsonl.gz",10117118,2026-06-25T07:00:14.778000+00:00,"0.1.42"
iad-kalshi,"parquet/2026-06-25/06/orderbook_delta.parquet",10586155,2026-06-25T07:00:32.623000+00:00,"0.1.42"
iad-kalshi,"raw/2026-06-25/09/ws.jsonl.gz",5857928,2026-06-25T10:00:11.177000+00:00,"0.1.42"
iad-kalshi,"parquet/2026-06-25/09/orderbook_delta.parquet",5552557,2026-06-25T10:00:20.619000+00:00,"0.1.42"
iad-kalshi,"raw/2026-06-25/11/ws.jsonl.gz",6085468,2026-06-25T12:00:11.621000+00:00,"0.1.42"
iad-kalshi,"parquet/2026-06-25/11/orderbook_delta.parquet",5693087,2026-06-25T12:00:24.492000+00:00,"0.1.42"
iad-kalshi,"raw/2026-06-25/12/ws.jsonl.gz",8167515,2026-06-25T13:00:11.323000+00:00,"0.1.42"
iad-kalshi,"parquet/2026-06-25/12/orderbook_delta.parquet",7457249,2026-06-25T13:00:22.947000+00:00,"0.1.42"
iad-kalshi,"raw/2026-06-25/13/ws.jsonl.gz",11775135,2026-06-25T14:00:12.809000+00:00,"0.1.42"
iad-kalshi,"parquet/2026-06-25/13/orderbook_delta.parquet",11821451,2026-06-25T14:00:31.069000+00:00,"0.1.42"
iad-kalshi,"raw/2026-06-25/14/ws.jsonl.gz",22769037,2026-06-25T15:00:14.842000+00:00,"0.1.42"
iad-kalshi,"parquet/2026-06-25/14/orderbook_delta.parquet",21477795,2026-06-25T15:00:43.017000+00:00,"0.1.42"
iad-kalshi,"raw/2026-06-25/15/ws.jsonl.gz",28097523,2026-06-25T16:00:16.437000+00:00,"0.1.42"
iad-kalshi,"parquet/2026-06-25/15/orderbook_delta.parquet",29306527,2026-06-25T16:00:52.409000+00:00,"0.1.42"
iad-kalshi,"raw/2026-06-25/16/ws.jsonl.gz",19997259,2026-06-25T17:00:14.851000+00:00,"0.1.42"
iad-kalshi,"parquet/2026-06-25/16/orderbook_delta.parquet",21127244,2026-06-25T17:00:42.255000+00:00,"0.1.42"
iad-kalshi,"raw/2026-06-25/17/ws.jsonl.gz",20437272,2026-06-25T18:00:14.696000+00:00,"0.1.42"
iad-kalshi,"parquet/2026-06-25/17/orderbook_delta.parquet",21754724,2026-06-25T18:00:47.338000+00:00,"0.1.42"
iad-kalshi,"raw/2026-06-25/18/ws.jsonl.gz",29788857,2026-06-25T19:00:16.990000+00:00,"0.1.42"
iad-kalshi,"parquet/2026-06-25/18/orderbook_delta.parquet",33976235,2026-06-25T19:00:59.242000+00:00,"0.1.42"
iad-kalshi,"raw/2026-06-25/19/ws.jsonl.gz",32907918,2026-06-25T20:00:20.402000+00:00,"0.1.42"
iad-kalshi,"parquet/2026-06-25/19/orderbook_delta.parquet",37527219,2026-06-25T20:01:10.133000+00:00,"0.1.42"
iad-kalshi,"raw/2026-06-25/20/ws.jsonl.gz",23537795,2026-06-25T21:00:18.149000+00:00,"0.1.42"
iad-kalshi,"parquet/2026-06-25/20/orderbook_delta.parquet",25585531,2026-06-25T21:00:49.885000+00:00,"0.1.42"
iad-kalshi,"raw/2026-06-25/21/ws.jsonl.gz",29307458,2026-06-25T22:00:18.268000+00:00,"0.1.42"
iad-kalshi,"parquet/2026-06-25/21/orderbook_delta.parquet",32446938,2026-06-25T22:00:57.135000+00:00,"0.1.42"
iad-kalshi,"raw/2026-06-25/22/ws.jsonl.gz",31708650,2026-06-25T23:00:20.528000+00:00,"0.1.42"
iad-kalshi,"parquet/2026-06-25/22/orderbook_delta.parquet",34611058,2026-06-25T23:01:03.969000+00:00,"0.1.42"
iad-kalshi,"raw/2026-06-25/23/ws.jsonl.gz",31782668,2026-06-26T00:00:19.661000+00:00,"0.1.42"
iad-kalshi,"parquet/2026-06-25/23/orderbook_delta.parquet",28497790,2026-06-26T00:01:01.951000+00:00,"0.1.42"
iad-kalshi,"raw/2026-06-26/00/ws.jsonl.gz",14535337,2026-06-26T01:00:15.703000+00:00,"0.1.42"
iad-kalshi,"parquet/2026-06-26/00/orderbook_delta.parquet",14655937,2026-06-26T01:00:36.094000+00:00,"0.1.42"
iad-kalshi,"raw/2026-06-26/01/ws.jsonl.gz",16457314,2026-06-26T02:00:16.921000+00:00,"0.1.42"
iad-kalshi,"parquet/2026-06-26/01/orderbook_delta.parquet",17894360,2026-06-26T02:00:42.717000+00:00,"0.1.42"
iad-kalshi,"raw/2026-06-26/02/ws.jsonl.gz",15879001,2026-06-26T03:00:16.351000+00:00,"0.1.42"
iad-kalshi,"parquet/2026-06-26/02/orderbook_delta.parquet",16798184,2026-06-26T03:00:38.761000+00:00,"0.1.42"
iad-kalshi,"raw/2026-06-26/03/ws.jsonl.gz",10385152,2026-06-26T04:00:15.657000+00:00,"0.1.42"
iad-kalshi,"parquet/2026-06-26/03/orderbook_delta.parquet",10128915,2026-06-26T04:00:30.144000+00:00,"0.1.42"
iad-kalshi,"raw/2026-06-26/04/ws.jsonl.gz",14271452,2026-06-26T05:00:15.873000+00:00,"0.1.42"
iad-kalshi,"parquet/2026-06-26/04/orderbook_delta.parquet",14611790,2026-06-26T05:00:35.701000+00:00,"0.1.42"
iad-kalshi,"raw/2026-06-26/05/ws.jsonl.gz",16860853,2026-06-26T06:00:16.653000+00:00,"0.1.42"
iad-kalshi,"parquet/2026-06-26/05/orderbook_delta.parquet",18849196,2026-06-26T06:00:39.843000+00:00,"0.1.42"
iad-kalshi,"raw/2026-06-26/06/ws.jsonl.gz",18390451,2026-06-26T07:00:17.310000+00:00,"0.1.42"
iad-kalshi,"parquet/2026-06-26/06/orderbook_delta.parquet",20111744,2026-06-26T07:00:45.750000+00:00,"0.1.42"
iad-kalshi,"raw/2026-06-26/07/ws.jsonl.gz",13737495,2026-06-26T08:00:16.516000+00:00,"0.1.42"
iad-kalshi,"parquet/2026-06-26/07/orderbook_delta.parquet",14667323,2026-06-26T08:00:33.882000+00:00,"0.1.42"
iad-kalshi,"raw/2026-06-26/08/ws.jsonl.gz",11026012,2026-06-26T09:00:15.853000+00:00,"0.1.42"
iad-kalshi,"parquet/2026-06-26/08/orderbook_delta.parquet",11762726,2026-06-26T09:00:32.927000+00:00,"0.1.42"
iad-kalshi,"raw/2026-06-26/09/ws.jsonl.gz",14467102,2026-06-26T10:00:17.514000+00:00,"0.1.42"
iad-kalshi,"parquet/2026-06-26/09/orderbook_delta.parquet",16005052,2026-06-26T10:00:35.919000+00:00,"0.1.42"
iad-kalshi,"raw/2026-06-26/10/ws.jsonl.gz",12052536,2026-06-26T11:00:16.910000+00:00,"0.1.42"
iad-kalshi,"parquet/2026-06-26/10/orderbook_delta.parquet",13133289,2026-06-26T11:01:47.432000+00:00,"0.1.42"
iad-kalshi,"raw/2026-06-26/11/ws.jsonl.gz",11503811,2026-06-26T12:00:16.823000+00:00,"0.1.42"
iad-kalshi,"parquet/2026-06-26/11/orderbook_delta.parquet",12262318,2026-06-26T12:00:37.443000+00:00,"0.1.42"
iad-kalshi,"raw/2026-06-26/12/ws.jsonl.gz",14680553,2026-06-26T13:00:19.562000+00:00,"0.1.42"
iad-kalshi,"parquet/2026-06-26/12/orderbook_delta.parquet",15507147,2026-06-26T13:00:42.090000+00:00,"0.1.42"
iad-kalshi,"raw/2026-06-26/13/ws.jsonl.gz",16747137,2026-06-26T14:00:18.824000+00:00,"0.1.42"
iad-kalshi,"parquet/2026-06-26/13/orderbook_delta.parquet",17624879,2026-06-26T14:00:40.687000+00:00,"0.1.42"
iad-kalshi,"raw/2026-06-26/14/ws.jsonl.gz",34417092,2026-06-26T15:00:22.325000+00:00,"0.1.42"
iad-kalshi,"parquet/2026-06-26/14/orderbook_delta.parquet",35076412,2026-06-26T15:01:06.164000+00:00,"0.1.42"
iad-kalshi,"raw/2026-06-26/15/ws.jsonl.gz",36226208,2026-06-26T16:00:23.459000+00:00,"0.1.42"
iad-kalshi,"parquet/2026-06-26/15/orderbook_delta.parquet",38106998,2026-06-26T16:01:11.675000+00:00,"0.1.42"
iad-kalshi,"raw/2026-06-26/16/ws.jsonl.gz",30526633,2026-06-26T17:00:22.673000+00:00,"0.1.42"
iad-kalshi,"parquet/2026-06-26/16/orderbook_delta.parquet",32445978,2026-06-26T17:01:02.029000+00:00,"0.1.42"
iad-kalshi,"raw/2026-06-26/17/ws.jsonl.gz",37808193,2026-06-26T18:00:24.487000+00:00,"0.1.42"
iad-kalshi,"parquet/2026-06-26/17/orderbook_delta.parquet",40119015,2026-06-26T18:01:10.903000+00:00,"0.1.42"
iad-kalshi,"raw/2026-06-26/18/ws.jsonl.gz",42962900,2026-06-26T19:00:25.432000+00:00,"0.1.42"
iad-kalshi,"parquet/2026-06-26/18/orderbook_delta.parquet",45875352,2026-06-26T19:01:19.725000+00:00,"0.1.42"
iad-kalshi,"raw/2026-06-26/19/ws.jsonl.gz",38602970,2026-06-26T20:00:25.880000+00:00,"0.1.42"
iad-kalshi,"parquet/2026-06-26/19/orderbook_delta.parquet",39485505,2026-06-26T20:01:15.055000+00:00,"0.1.42"
iad-kalshi,"raw/2026-06-26/20/ws.jsonl.gz",42972397,2026-06-26T21:00:27.205000+00:00,"0.1.42"
iad-kalshi,"parquet/2026-06-26/20/orderbook_delta.parquet",45248316,2026-06-26T21:01:27.712000+00:00,"0.1.42"
iad-kalshi,"raw/2026-06-26/21/ws.jsonl.gz",45353342,2026-06-26T22:00:38.109000+00:00,"0.1.42"
iad-kalshi,"parquet/2026-06-26/21/orderbook_delta.parquet",50049631,2026-06-26T22:01:40.637000+00:00,"0.1.42"
iad-kalshi,"raw/2026-06-26/22/ws.jsonl.gz",43724313,2026-06-26T23:00:37.946000+00:00,"0.1.42"
iad-kalshi,"parquet/2026-06-26/22/orderbook_delta.parquet",48939027,2026-06-26T23:01:42.820000+00:00,"0.1.42"
iad-kalshi,"raw/2026-06-26/23/ws.jsonl.gz",31296273,2026-06-27T00:00:33.192000+00:00,"0.1.42"
iad-kalshi,"parquet/2026-06-26/23/orderbook_delta.parquet",34403628,2026-06-27T00:01:10.668000+00:00,"0.1.42"
iad-kalshi,"raw/2026-06-27/00/ws.jsonl.gz",21078472,2026-06-27T01:00:31.039000+00:00,"0.1.42"
iad-kalshi,"parquet/2026-06-27/00/orderbook_delta.parquet",20987286,2026-06-27T01:00:54.952000+00:00,"0.1.42"
iad-kalshi,"raw/2026-06-27/01/ws.jsonl.gz",23568286,2026-06-27T02:00:30.567000+00:00,"0.1.42"
iad-kalshi,"parquet/2026-06-27/01/orderbook_delta.parquet",24517131,2026-06-27T02:01:20.609000+00:00,"0.1.42"
iad-kalshi,"raw/2026-06-27/02/ws.jsonl.gz",23460723,2026-06-27T03:00:31.620000+00:00,"0.1.42"
iad-kalshi,"parquet/2026-06-27/02/orderbook_delta.parquet",24376990,2026-06-27T03:01:00.851000+00:00,"0.1.42"
iad-kalshi,"raw/2026-06-27/03/ws.jsonl.gz",21352629,2026-06-27T04:00:32.630000+00:00,"0.1.42"
iad-kalshi,"parquet/2026-06-27/03/orderbook_delta.parquet",21808169,2026-06-27T04:03:02.233000+00:00,"0.1.42"
iad-kalshi,"raw/2026-06-27/04/ws.jsonl.gz",20638309,2026-06-27T05:00:33.215000+00:00,"0.1.42"
iad-kalshi,"parquet/2026-06-27/04/orderbook_delta.parquet",20751565,2026-06-27T05:00:59.425000+00:00,"0.1.42"
iad-kalshi,"raw/2026-06-27/05/ws.jsonl.gz",21046834,2026-06-27T06:00:32.167000+00:00,"0.1.42"
iad-kalshi,"parquet/2026-06-27/05/orderbook_delta.parquet",21095474,2026-06-27T06:00:59.301000+00:00,"0.1.42"
iad-kalshi,"raw/2026-06-27/06/ws.jsonl.gz",18319063,2026-06-27T07:00:32.801000+00:00,"0.1.42"
iad-kalshi,"parquet/2026-06-27/06/orderbook_delta.parquet",18165150,2026-06-27T07:01:25.464000+00:00,"0.1.42"
iad-kalshi,"raw/2026-06-27/07/ws.jsonl.gz",19496330,2026-06-27T08:00:32.036000+00:00,"0.1.42"
iad-kalshi,"parquet/2026-06-27/07/orderbook_delta.parquet",20385189,2026-06-27T08:00:54.683000+00:00,"0.1.42"
iad-ci,"forgejo/cnpg/forgejo-postgres/base/20260627T084854/data.tar.gz",5869926,2026-06-27T08:49:20.194000+00:00,"0.1.42"
iad-ci,"forgejo/cnpg/forgejo-postgres/base/20260627T090303/data.tar.gz",5869964,2026-06-27T09:03:32.146000+00:00,"0.1.42"
iad-ci,"forgejo/cnpg/forgejo-postgres/base/20260627T100303/data.tar.gz",5870004,2026-06-27T10:03:40.912000+00:00,"0.1.42"
iad-ci,"forgejo/cnpg/forgejo-postgres/base/20260627T110303/data.tar.gz",5869890,2026-06-27T11:03:29.205000+00:00,"0.1.42"
iad-ci,"forgejo/cnpg/forgejo-postgres/base/20260627T120303/data.tar.gz",5870079,2026-06-27T12:03:31.401000+00:00,"0.1.42"
iad-ci,"forgejo/cnpg/forgejo-postgres/base/20260627T130305/data.tar.gz",5872493,2026-06-27T13:03:46.773000+00:00,"0.1.42"
iad-kalshi,"raw/2026-06-27/08/ws.jsonl.gz",10039115,2026-06-27T13:10:27.476000+00:00,"0.1.42"
iad-kalshi,"parquet/2026-06-27/08/orderbook_delta.parquet",10407101,2026-06-27T13:10:42.194000+00:00,"0.1.42"
iad-kalshi,"raw/2026-06-27/13/ws.jsonl.gz",10618185,2026-06-27T14:00:07.869000+00:00,"0.1.42"
iad-kalshi,"parquet/2026-06-27/13/orderbook_delta.parquet",10219317,2026-06-27T14:00:23.290000+00:00,"0.1.42"
iad-ci,"forgejo/cnpg/forgejo-postgres/base/20260627T140306/data.tar.gz",5872321,2026-06-27T14:03:34.210000+00:00,"0.1.42"
iad-kalshi,"raw/2026-06-27/14/ws.jsonl.gz",39904538,2026-06-27T15:00:14.235000+00:00,"0.1.42"
iad-kalshi,"parquet/2026-06-27/14/orderbook_delta.parquet",38211154,2026-06-27T15:00:56.266000+00:00,"0.1.42"
iad-ci,"forgejo/cnpg/forgejo-postgres/base/20260627T150306/data.tar.gz",5872776,2026-06-27T15:03:31.570000+00:00,"0.1.42"
iad-kalshi,"raw/2026-06-27/15/ws.jsonl.gz",33077073,2026-06-27T16:00:14.016000+00:00,"0.1.42"
iad-kalshi,"parquet/2026-06-27/15/orderbook_delta.parquet",34857383,2026-06-27T16:00:50.811000+00:00,"0.1.42"
iad-ci,"forgejo/cnpg/forgejo-postgres/base/20260627T160303/data.tar.gz",5872984,2026-06-27T16:03:28.818000+00:00,"0.1.42"
iad-kalshi,"raw/2026-06-27/16/ws.jsonl.gz",35174530,2026-06-27T17:00:14.319000+00:00,"0.1.42"
iad-kalshi,"parquet/2026-06-27/16/orderbook_delta.parquet",38244740,2026-06-27T17:00:54.438000+00:00,"0.1.42"
iad-ci,"forgejo/cnpg/forgejo-postgres/base/20260627T170302/data.tar.gz",5873562,2026-06-27T17:03:30.249000+00:00,"0.1.42"
iad-kalshi,"raw/2026-06-27/17/ws.jsonl.gz",33383241,2026-06-27T18:00:14.301000+00:00,"0.1.42"
iad-kalshi,"parquet/2026-06-27/17/orderbook_delta.parquet",36004166,2026-06-27T18:00:53.721000+00:00,"0.1.42"
iad-ci,"forgejo/cnpg/forgejo-postgres/base/20260627T180304/data.tar.gz",5873425,2026-06-27T18:03:31.291000+00:00,"0.1.42"
iad-kalshi,"raw/2026-06-27/18/ws.jsonl.gz",28873884,2026-06-27T19:00:13.345000+00:00,"0.1.42"
iad-kalshi,"parquet/2026-06-27/18/orderbook_delta.parquet",29784375,2026-06-27T19:00:46.520000+00:00,"0.1.42"
iad-ci,"forgejo/cnpg/forgejo-postgres/base/20260627T190303/data.tar.gz",5882205,2026-06-27T19:03:36.423000+00:00,"0.1.42"
iad-kalshi,"raw/2026-06-27/19/ws.jsonl.gz",33622567,2026-06-27T20:00:14.153000+00:00,"0.1.42"
iad-kalshi,"parquet/2026-06-27/19/orderbook_delta.parquet",35415881,2026-06-27T20:00:52.929000+00:00,"0.1.42"
iad-ci,"forgejo/cnpg/forgejo-postgres/base/20260627T200307/data.tar.gz",5882257,2026-06-27T20:03:36.599000+00:00,"0.1.42"
iad-kalshi,"raw/2026-06-27/20/ws.jsonl.gz",35895127,2026-06-27T21:00:14.158000+00:00,"0.1.42"
iad-kalshi,"parquet/2026-06-27/20/orderbook_delta.parquet",37138378,2026-06-27T21:00:55.717000+00:00,"0.1.42"
iad-ci,"forgejo/cnpg/forgejo-postgres/base/20260627T210303/data.tar.gz",5882220,2026-06-27T21:03:30.499000+00:00,"0.1.42"
iad-kalshi,"raw/2026-06-27/21/ws.jsonl.gz",39121118,2026-06-27T22:00:15.826000+00:00,"0.1.42"
iad-kalshi,"parquet/2026-06-27/21/orderbook_delta.parquet",42776535,2026-06-27T22:01:03.009000+00:00,"0.1.42"
iad-ci,"forgejo/cnpg/forgejo-postgres/base/20260627T220303/data.tar.gz",5883451,2026-06-27T22:03:29.132000+00:00,"0.1.42"
iad-kalshi,"raw/2026-06-27/22/ws.jsonl.gz",36834560,2026-06-27T23:00:20.125000+00:00,"0.1.42"
iad-kalshi,"parquet/2026-06-27/22/orderbook_delta.parquet",40428797,2026-06-27T23:01:07.011000+00:00,"0.1.42"
iad-ci,"forgejo/cnpg/forgejo-postgres/base/20260627T230303/data.tar.gz",5883451,2026-06-27T23:03:29.350000+00:00,"0.1.42"
iad-kalshi,"raw/2026-06-27/23/ws.jsonl.gz",32568758,2026-06-28T00:00:13.886000+00:00,"0.1.42"
iad-kalshi,"parquet/2026-06-27/23/orderbook_delta.parquet",36146702,2026-06-28T00:00:55.546000+00:00,"0.1.42"
iad-ci,"forgejo/cnpg/forgejo-postgres/base/20260628T000303/data.tar.gz",5884693,2026-06-28T00:03:36.037000+00:00,"0.1.42"
iad-kalshi,"raw/2026-06-28/00/ws.jsonl.gz",22451186,2026-06-28T01:00:11.977000+00:00,"0.1.42"
iad-kalshi,"parquet/2026-06-28/00/orderbook_delta.parquet",22535369,2026-06-28T01:00:37.419000+00:00,"0.1.42"
iad-ci,"forgejo/cnpg/forgejo-postgres/base/20260628T010302/data.tar.gz",5884752,2026-06-28T01:03:30.069000+00:00,"0.1.42"
iad-kalshi,"raw/2026-06-28/01/ws.jsonl.gz",21942267,2026-06-28T02:00:11.488000+00:00,"0.1.42"
iad-kalshi,"parquet/2026-06-28/01/orderbook_delta.parquet",22534009,2026-06-28T02:00:39.448000+00:00,"0.1.42"
iad-ci,"forgejo/cnpg/forgejo-postgres/base/20260628T020302/data.tar.gz",5885539,2026-06-28T02:03:30.156000+00:00,"0.1.42"
iad-kalshi,"raw/2026-06-28/02/ws.jsonl.gz",20844286,2026-06-28T03:00:12.379000+00:00,"0.1.42"
iad-kalshi,"parquet/2026-06-28/02/orderbook_delta.parquet",19964339,2026-06-28T03:00:37.869000+00:00,"0.1.42"
iad-ci,"forgejo/cnpg/forgejo-postgres/base/20260628T030304/data.tar.gz",5885812,2026-06-28T03:03:33.957000+00:00,"0.1.42"
iad-kalshi,"raw/2026-06-28/03/ws.jsonl.gz",21983199,2026-06-28T04:00:12.802000+00:00,"0.1.42"
iad-kalshi,"parquet/2026-06-28/03/orderbook_delta.parquet",21005709,2026-06-28T04:00:37.647000+00:00,"0.1.42"
iad-ci,"forgejo/cnpg/forgejo-postgres/base/20260628T040303/data.tar.gz",5887619,2026-06-28T04:03:31.835000+00:00,"0.1.42"
iad-kalshi,"raw/2026-06-28/04/ws.jsonl.gz",32303648,2026-06-28T05:00:14.983000+00:00,"0.1.42"
iad-kalshi,"parquet/2026-06-28/04/orderbook_delta.parquet",35203087,2026-06-28T05:01:34.584000+00:00,"0.1.42"
iad-ci,"forgejo/cnpg/forgejo-postgres/base/20260628T050302/data.tar.gz",5887721,2026-06-28T05:03:29.655000+00:00,"0.1.42"
iad-kalshi,"raw/2026-06-28/05/ws.jsonl.gz",25436032,2026-06-28T06:00:13.759000+00:00,"0.1.42"
iad-kalshi,"parquet/2026-06-28/05/orderbook_delta.parquet",26704885,2026-06-28T06:00:48.056000+00:00,"0.1.42"
iad-ci,"forgejo/cnpg/forgejo-postgres/base/20260628T060303/data.tar.gz",5887751,2026-06-28T06:03:32.140000+00:00,"0.1.42"
iad-kalshi,"raw/2026-06-28/06/ws.jsonl.gz",31206336,2026-06-28T07:00:16.859000+00:00,"0.1.42"
iad-kalshi,"parquet/2026-06-28/06/orderbook_delta.parquet",34398366,2026-06-28T07:01:57.914000+00:00,"0.1.42"
iad-ci,"forgejo/cnpg/forgejo-postgres/base/20260628T071034/data.tar.gz",5887754,2026-06-28T07:10:58.218000+00:00,"0.1.42"
iad-kalshi,"raw/2026-06-28/07/ws.jsonl.gz",26897419,2026-06-28T08:00:14.801000+00:00,"0.1.42"
iad-kalshi,"parquet/2026-06-28/07/orderbook_delta.parquet",29372437,2026-06-28T08:00:47.154000+00:00,"0.1.42"
iad-ci,"forgejo/cnpg/forgejo-postgres/base/20260628T080302/data.tar.gz",5887748,2026-06-28T08:03:26.022000+00:00,"0.1.42"
iad-kalshi,"raw/2026-06-28/08/ws.jsonl.gz",21569818,2026-06-28T09:00:14.289000+00:00,"0.1.42"
iad-kalshi,"parquet/2026-06-28/08/orderbook_delta.parquet",23463538,2026-06-28T09:00:41.318000+00:00,"0.1.42"
iad-ci,"forgejo/cnpg/forgejo-postgres/base/20260628T090302/data.tar.gz",5887757,2026-06-28T09:03:25.367000+00:00,"0.1.42"
iad-kalshi,"raw/2026-06-28/09/ws.jsonl.gz",21657678,2026-06-28T10:00:14.275000+00:00,"0.1.42"
iad-kalshi,"parquet/2026-06-28/09/orderbook_delta.parquet",23464928,2026-06-28T10:00:40.434000+00:00,"0.1.42"
iad-ci,"forgejo/cnpg/forgejo-postgres/base/20260628T100302/data.tar.gz",5887748,2026-06-28T10:03:26.126000+00:00,"0.1.42"
iad-kalshi,"raw/2026-06-28/10/ws.jsonl.gz",18615703,2026-06-28T11:00:14.085000+00:00,"0.1.42"
iad-kalshi,"parquet/2026-06-28/10/orderbook_delta.parquet",20870180,2026-06-28T11:00:37.757000+00:00,"0.1.42"
iad-ci,"forgejo/cnpg/forgejo-postgres/base/20260628T110302/data.tar.gz",5887751,2026-06-28T11:03:26.962000+00:00,"0.1.42"
iad-kalshi,"raw/2026-06-28/11/ws.jsonl.gz",19660397,2026-06-28T12:00:14.254000+00:00,"0.1.42"
iad-kalshi,"parquet/2026-06-28/11/orderbook_delta.parquet",20603266,2026-06-28T12:00:38.996000+00:00,"0.1.42"
iad-ci,"forgejo/cnpg/forgejo-postgres/base/20260628T120304/data.tar.gz",5888087,2026-06-28T12:03:31.347000+00:00,"0.1.42"
iad-kalshi,"raw/2026-06-28/12/ws.jsonl.gz",23996947,2026-06-28T13:00:15.182000+00:00,"0.1.42"
iad-kalshi,"parquet/2026-06-28/12/orderbook_delta.parquet",26553209,2026-06-28T13:00:46.104000+00:00,"0.1.42"
iad-ci,"forgejo/cnpg/forgejo-postgres/base/20260628T130302/data.tar.gz",5888455,2026-06-28T13:03:24.751000+00:00,"0.1.42"
iad-kalshi,"raw/2026-06-28/13/ws.jsonl.gz",20177549,2026-06-28T14:00:15.104000+00:00,"0.1.42"
iad-kalshi,"parquet/2026-06-28/13/orderbook_delta.parquet",22152763,2026-06-28T14:00:40.022000+00:00,"0.1.42"
iad-ci,"forgejo/cnpg/forgejo-postgres/base/20260628T140302/data.tar.gz",5888666,2026-06-28T14:03:27.143000+00:00,"0.1.42"
iad-kalshi,"raw/2026-06-28/14/ws.jsonl.gz",34926115,2026-06-28T15:00:20.224000+00:00,"0.1.42"
iad-kalshi,"parquet/2026-06-28/14/orderbook_delta.parquet",33520730,2026-06-28T15:00:58.691000+00:00,"0.1.42"
iad-ci,"forgejo/cnpg/forgejo-postgres/base/20260628T150302/data.tar.gz",5888494,2026-06-28T15:03:29.267000+00:00,"0.1.42"
iad-kalshi,"raw/2026-06-28/15/ws.jsonl.gz",47386922,2026-06-28T16:00:21.918000+00:00,"0.1.42"
iad-kalshi,"parquet/2026-06-28/15/orderbook_delta.parquet",47220388,2026-06-28T16:01:17.618000+00:00,"0.1.42"
iad-ci,"forgejo/cnpg/forgejo-postgres/base/20260628T160302/data.tar.gz",5888500,2026-06-28T16:03:28.277000+00:00,"0.1.42"
iad-kalshi,"raw/2026-06-28/16/ws.jsonl.gz",43228941,2026-06-28T17:00:21.650000+00:00,"0.1.42"
iad-kalshi,"parquet/2026-06-28/16/orderbook_delta.parquet",45929868,2026-06-28T17:01:11.518000+00:00,"0.1.42"
iad-ci,"forgejo/cnpg/forgejo-postgres/base/20260628T170302/data.tar.gz",5888534,2026-06-28T17:03:25.834000+00:00,"0.1.42"
iad-kalshi,"raw/2026-06-28/17/ws.jsonl.gz",42331190,2026-06-28T18:00:22.499000+00:00,"0.1.42"
iad-kalshi,"parquet/2026-06-28/17/orderbook_delta.parquet",44042008,2026-06-28T18:01:11.989000+00:00,"0.1.42"
iad-ci,"forgejo/cnpg/forgejo-postgres/base/20260628T180302/data.tar.gz",5888538,2026-06-28T18:03:29.041000+00:00,"0.1.42"
iad-kalshi,"raw/2026-06-28/18/ws.jsonl.gz",37323230,2026-06-28T19:00:21.738000+00:00,"0.1.42"
iad-kalshi,"parquet/2026-06-28/18/orderbook_delta.parquet",38466481,2026-06-28T19:01:13.874000+00:00,"0.1.42"
iad-ci,"forgejo/cnpg/forgejo-postgres/base/20260628T190302/data.tar.gz",5888477,2026-06-28T19:03:28.890000+00:00,"0.1.42"
iad-kalshi,"raw/2026-06-28/19/ws.jsonl.gz",39672512,2026-06-28T20:00:21.370000+00:00,"0.1.42"
iad-kalshi,"parquet/2026-06-28/19/orderbook_delta.parquet",39857030,2026-06-28T20:01:07.760000+00:00,"0.1.42"
iad-ci,"forgejo/cnpg/forgejo-postgres/base/20260628T200302/data.tar.gz",5888636,2026-06-28T20:03:29.481000+00:00,"0.1.42"
iad-kalshi,"raw/2026-06-28/20/ws.jsonl.gz",42523349,2026-06-28T21:00:22.608000+00:00,"0.1.42"
iad-kalshi,"parquet/2026-06-28/20/orderbook_delta.parquet",41677888,2026-06-28T21:01:11.391000+00:00,"0.1.42"
iad-ci,"forgejo/cnpg/forgejo-postgres/base/20260628T210302/data.tar.gz",5888526,2026-06-28T21:03:26.466000+00:00,"0.1.42"
iad-kalshi,"raw/2026-06-28/21/ws.jsonl.gz",38441198,2026-06-28T22:00:29.611000+00:00,"0.1.42"
iad-kalshi,"parquet/2026-06-28/21/orderbook_delta.parquet",37140740,2026-06-28T22:01:12.922000+00:00,"0.1.42"
iad-ci,"forgejo/cnpg/forgejo-postgres/base/20260628T220302/data.tar.gz",5888382,2026-06-28T22:03:26.784000+00:00,"0.1.42"
iad-kalshi,"raw/2026-06-28/22/ws.jsonl.gz",35929137,2026-06-28T23:00:21.406000+00:00,"0.1.42"
iad-kalshi,"parquet/2026-06-28/22/orderbook_delta.parquet",37806230,2026-06-28T23:01:02.588000+00:00,"0.1.42"
iad-ci,"forgejo/cnpg/forgejo-postgres/base/20260628T230302/data.tar.gz",5888380,2026-06-28T23:03:27.481000+00:00,"0.1.42"
iad-kalshi,"raw/2026-06-28/23/ws.jsonl.gz",26873055,2026-06-29T00:00:20.559000+00:00,"0.1.42"
iad-kalshi,"parquet/2026-06-28/23/orderbook_delta.parquet",28510234,2026-06-29T00:00:52.191000+00:00,"0.1.42"
iad-ci,"forgejo/cnpg/forgejo-postgres/base/20260629T000302/data.tar.gz",5888432,2026-06-29T00:03:29.850000+00:00,"0.1.42"
iad-kalshi,"raw/2026-06-29/00/ws.jsonl.gz",25329374,2026-06-29T01:00:22.729000+00:00,"0.1.42"
iad-kalshi,"parquet/2026-06-29/00/orderbook_delta.parquet",25349803,2026-06-29T01:00:52.396000+00:00,"0.1.42"
iad-ci,"forgejo/cnpg/forgejo-postgres/base/20260629T010302/data.tar.gz",5888486,2026-06-29T01:03:26.523000+00:00,"0.1.42"
iad-kalshi,"raw/2026-06-29/01/ws.jsonl.gz",22118027,2026-06-29T02:00:19.530000+00:00,"0.1.42"
iad-kalshi,"parquet/2026-06-29/01/orderbook_delta.parquet",22761401,2026-06-29T02:00:44.284000+00:00,"0.1.42"
iad-ci,"forgejo/cnpg/forgejo-postgres/base/20260629T020302/data.tar.gz",5888573,2026-06-29T02:03:28.496000+00:00,"0.1.42"
iad-kalshi,"raw/2026-06-29/02/ws.jsonl.gz",23440098,2026-06-29T03:00:19.361000+00:00,"0.1.42"
iad-kalshi,"parquet/2026-06-29/02/orderbook_delta.parquet",24095282,2026-06-29T03:00:46.295000+00:00,"0.1.42"
iad-ci,"forgejo/cnpg/forgejo-postgres/base/20260629T030302/data.tar.gz",5888362,2026-06-29T03:03:27.822000+00:00,"0.1.42"
iad-kalshi,"raw/2026-06-29/03/ws.jsonl.gz",23959238,2026-06-29T04:00:19.307000+00:00,"0.1.42"
iad-kalshi,"parquet/2026-06-29/03/orderbook_delta.parquet",25054533,2026-06-29T04:00:48.301000+00:00,"0.1.42"
iad-ci,"forgejo/cnpg/forgejo-postgres/base/20260629T040302/data.tar.gz",5888261,2026-06-29T04:03:28.528000+00:00,"0.1.42"
iad-kalshi,"raw/2026-06-29/04/ws.jsonl.gz",26220930,2026-06-29T05:00:22.732000+00:00,"0.1.42"
iad-kalshi,"parquet/2026-06-29/04/orderbook_delta.parquet",28709562,2026-06-29T05:00:57.477000+00:00,"0.1.42"
iad-ci,"forgejo/cnpg/forgejo-postgres/base/20260629T050302/data.tar.gz",5888672,2026-06-29T05:03:29.177000+00:00,"0.1.42"
iad-kalshi,"raw/2026-06-29/05/ws.jsonl.gz",26398686,2026-06-29T06:00:22.698000+00:00,"0.1.42"
iad-kalshi,"parquet/2026-06-29/05/orderbook_delta.parquet",28831558,2026-06-29T06:00:53.690000+00:00,"0.1.42"
iad-ci,"forgejo/cnpg/forgejo-postgres/base/20260629T060302/data.tar.gz",5888696,2026-06-29T06:03:28.119000+00:00,"0.1.42"
iad-kalshi,"raw/2026-06-29/06/ws.jsonl.gz",29958915,2026-06-29T07:00:23.375000+00:00,"0.1.42"
iad-kalshi,"parquet/2026-06-29/06/orderbook_delta.parquet",33305409,2026-06-29T07:01:42.335000+00:00,"0.1.42"
iad-ci,"forgejo/cnpg/forgejo-postgres/base/20260629T070302/data.tar.gz",5888494,2026-06-29T07:03:29.960000+00:00,"0.1.42"
iad-kalshi,"raw/2026-06-29/07/ws.jsonl.gz",30485279,2026-06-29T08:00:22.438000+00:00,"0.1.42"
iad-kalshi,"parquet/2026-06-29/07/orderbook_delta.parquet",35314345,2026-06-29T08:01:02.839000+00:00,"0.1.42"
iad-ci,"forgejo/cnpg/forgejo-postgres/base/20260629T080302/data.tar.gz",5888606,2026-06-29T08:03:28.837000+00:00,"0.1.42"
iad-kalshi,"raw/2026-06-29/08/ws.jsonl.gz",26220432,2026-06-29T09:00:21.578000+00:00,"0.1.42"
iad-kalshi,"parquet/2026-06-29/08/orderbook_delta.parquet",29978507,2026-06-29T09:00:57.006000+00:00,"0.1.42"
iad-ci,"forgejo/cnpg/forgejo-postgres/base/20260629T090302/data.tar.gz",5888674,2026-06-29T09:03:29.166000+00:00,"0.1.42"
iad-kalshi,"raw/2026-06-29/09/ws.jsonl.gz",15817550,2026-06-29T10:00:19.940000+00:00,"0.1.42"
iad-kalshi,"parquet/2026-06-29/09/orderbook_delta.parquet",16912278,2026-06-29T10:00:40.595000+00:00,"0.1.42"
iad-ci,"forgejo/cnpg/forgejo-postgres/base/20260629T100302/data.tar.gz",5888590,2026-06-29T10:03:29.863000+00:00,"0.1.42"
iad-kalshi,"raw/2026-06-29/10/ws.jsonl.gz",17866246,2026-06-29T11:00:19.792000+00:00,"0.1.42"
iad-kalshi,"parquet/2026-06-29/10/orderbook_delta.parquet",20540653,2026-06-29T11:00:43.355000+00:00,"0.1.42"
iad-ci,"forgejo/cnpg/forgejo-postgres/base/20260629T110302/data.tar.gz",5888478,2026-06-29T11:03:28.505000+00:00,"0.1.42"
iad-kalshi,"raw/2026-06-29/11/ws.jsonl.gz",25959314,2026-06-29T12:00:22.057000+00:00,"0.1.42"
iad-kalshi,"parquet/2026-06-29/11/orderbook_delta.parquet",30649638,2026-06-29T12:00:57.438000+00:00,"0.1.42"
iad-ci,"forgejo/cnpg/forgejo-postgres/base/20260629T120302/data.tar.gz",5888506,2026-06-29T12:03:26.791000+00:00,"0.1.42"
iad-kalshi,"raw/2026-06-29/12/ws.jsonl.gz",26913852,2026-06-29T13:00:22.548000+00:00,"0.1.42"
iad-kalshi,"parquet/2026-06-29/12/orderbook_delta.parquet",30747140,2026-06-29T13:00:57.411000+00:00,"0.1.42"
iad-ci,"forgejo/cnpg/forgejo-postgres/base/20260629T130302/data.tar.gz",5888591,2026-06-29T13:03:26.022000+00:00,"0.1.42"
iad-kalshi,"raw/2026-06-29/13/ws.jsonl.gz",17985524,2026-06-29T14:00:21.543000+00:00,"0.1.42"
iad-kalshi,"parquet/2026-06-29/13/orderbook_delta.parquet",18632734,2026-06-29T14:00:45.085000+00:00,"0.1.42"
iad-ci,"forgejo/cnpg/forgejo-postgres/base/20260629T140302/data.tar.gz",5888604,2026-06-29T14:03:25.626000+00:00,"0.1.42"
iad-kalshi,"raw/2026-06-29/14/ws.jsonl.gz",47322512,2026-06-29T15:00:27.602000+00:00,"0.1.42"
iad-kalshi,"parquet/2026-06-29/14/orderbook_delta.parquet",46756636,2026-06-29T15:01:19.426000+00:00,"0.1.42"
iad-ci,"forgejo/cnpg/forgejo-postgres/base/20260629T150303/data.tar.gz",5888371,2026-06-29T15:03:27.756000+00:00,"0.1.42"
iad-kalshi,"raw/2026-06-29/15/ws.jsonl.gz",45934680,2026-06-29T16:00:27.358000+00:00,"0.1.42"
iad-kalshi,"parquet/2026-06-29/15/orderbook_delta.parquet",47657986,2026-06-29T16:01:20.592000+00:00,"0.1.42"
iad-ci,"forgejo/cnpg/forgejo-postgres/base/20260629T160302/data.tar.gz",5888398,2026-06-29T16:03:27.243000+00:00,"0.1.42"
iad-kalshi,"raw/2026-06-29/16/ws.jsonl.gz",45311388,2026-06-29T17:00:28.537000+00:00,"0.1.42"
iad-kalshi,"parquet/2026-06-29/16/orderbook_delta.parquet",48035751,2026-06-29T17:01:22.902000+00:00,"0.1.42"
iad-ci,"forgejo/cnpg/forgejo-postgres/base/20260629T170302/data.tar.gz",5888465,2026-06-29T17:03:26.553000+00:00,"0.1.42"
iad-kalshi,"raw/2026-06-29/17/ws.jsonl.gz",45798510,2026-06-29T18:00:30.192000+00:00,"0.1.42"
iad-kalshi,"parquet/2026-06-29/17/orderbook_delta.parquet",48344443,2026-06-29T18:01:25.088000+00:00,"0.1.42"
iad-ci,"forgejo/cnpg/forgejo-postgres/base/20260629T180302/data.tar.gz",5888406,2026-06-29T18:03:26.875000+00:00,"0.1.42"
iad-kalshi,"raw/2026-06-29/18/ws.jsonl.gz",47804079,2026-06-29T19:00:30.322000+00:00,"0.1.42"
iad-kalshi,"parquet/2026-06-29/18/orderbook_delta.parquet",51896946,2026-06-29T19:01:26.508000+00:00,"0.1.42"
iad-ci,"forgejo/cnpg/forgejo-postgres/base/20260629T190302/data.tar.gz",5888278,2026-06-29T19:03:26.209000+00:00,"0.1.42"
iad-ci,"forgejo/cnpg/forgejo-postgres/base/20260629T200302/data.tar.gz",5888442,2026-06-29T20:03:27.342000+00:00,"0.1.42"
iad-kalshi,"raw/2026-06-29/19/ws.jsonl.gz",59118129,2026-06-29T20:05:19.759000+00:00,"0.1.42"
iad-kalshi,"parquet/2026-06-29/19/orderbook_delta.parquet",64300081,2026-06-29T20:06:47.307000+00:00,"0.1.42"
iad-kalshi,"raw/2026-06-29/20/ws.jsonl.gz",59807530,2026-06-29T21:00:47.224000+00:00,"0.1.42"
iad-kalshi,"parquet/2026-06-29/20/orderbook_delta.parquet",66247274,2026-06-29T21:02:04.519000+00:00,"0.1.42"
iad-ci,"forgejo/cnpg/forgejo-postgres/base/20260629T210302/data.tar.gz",5888576,2026-06-29T21:03:26.722000+00:00,"0.1.42"
iad-kalshi,"raw/2026-06-29/21/ws.jsonl.gz",47344890,2026-06-29T22:00:40.865000+00:00,"0.1.42"
iad-kalshi,"parquet/2026-06-29/21/orderbook_delta.parquet",52206275,2026-06-29T22:01:42.699000+00:00,"0.1.42"
iad-ci,"forgejo/cnpg/forgejo-postgres/base/20260629T220302/data.tar.gz",5888633,2026-06-29T22:03:27.606000+00:00,"0.1.42"
iad-kalshi,"raw/2026-06-29/22/ws.jsonl.gz",38826529,2026-06-29T23:00:38.441000+00:00,"0.1.42"
iad-kalshi,"parquet/2026-06-29/22/orderbook_delta.parquet",42807708,2026-06-29T23:01:26.228000+00:00,"0.1.42"
iad-ci,"forgejo/cnpg/forgejo-postgres/base/20260629T230302/data.tar.gz",5888450,2026-06-29T23:03:28.301000+00:00,"0.1.42"
iad-kalshi,"raw/2026-06-29/23/ws.jsonl.gz",29023022,2026-06-30T00:00:35.646000+00:00,"0.1.42"
iad-kalshi,"parquet/2026-06-29/23/orderbook_delta.parquet",31773239,2026-06-30T00:01:29.731000+00:00,"0.1.42"
iad-ci,"forgejo/cnpg/forgejo-postgres/base/20260630T000302/data.tar.gz",5888691,2026-06-30T00:03:25.670000+00:00,"0.1.42"
iad-kalshi,"raw/2026-06-30/00/ws.jsonl.gz",20073505,2026-06-30T01:00:33.399000+00:00,"0.1.42"
iad-kalshi,"parquet/2026-06-30/00/orderbook_delta.parquet",21158083,2026-06-30T01:00:59.921000+00:00,"0.1.42"
iad-ci,"forgejo/cnpg/forgejo-postgres/base/20260630T010302/data.tar.gz",5888796,2026-06-30T01:03:26.760000+00:00,"0.1.42"
iad-kalshi,"raw/2026-06-30/01/ws.jsonl.gz",14879566,2026-06-30T02:00:32.803000+00:00,"0.1.42"
iad-kalshi,"parquet/2026-06-30/01/orderbook_delta.parquet",15324947,2026-06-30T02:00:54.081000+00:00,"0.1.42"
iad-ci,"forgejo/cnpg/forgejo-postgres/base/20260630T020302/data.tar.gz",5888832,2026-06-30T02:03:28.157000+00:00,"0.1.42"
iad-kalshi,"raw/2026-06-30/02/ws.jsonl.gz",16298396,2026-06-30T03:00:32.273000+00:00,"0.1.42"
iad-kalshi,"parquet/2026-06-30/02/orderbook_delta.parquet",15934464,2026-06-30T03:00:53.854000+00:00,"0.1.42"
iad-ci,"forgejo/cnpg/forgejo-postgres/base/20260630T030302/data.tar.gz",5888767,2026-06-30T03:03:35.313000+00:00,"0.1.42"
iad-kalshi,"raw/2026-06-30/03/ws.jsonl.gz",13735857,2026-06-30T04:00:31.616000+00:00,"0.1.42"
iad-kalshi,"parquet/2026-06-30/03/orderbook_delta.parquet",13311781,2026-06-30T04:00:49.267000+00:00,"0.1.42"
iad-ci,"forgejo/cnpg/forgejo-postgres/base/20260630T040302/data.tar.gz",5888668,2026-06-30T04:03:26.561000+00:00,"0.1.42"
iad-kalshi,"raw/2026-06-30/04/ws.jsonl.gz",18863067,2026-06-30T05:00:33.738000+00:00,"0.1.42"
iad-kalshi,"parquet/2026-06-30/04/orderbook_delta.parquet",19512455,2026-06-30T05:00:58.858000+00:00,"0.1.42"
iad-ci,"forgejo/cnpg/forgejo-postgres/base/20260630T050302/data.tar.gz",5888760,2026-06-30T05:03:28.279000+00:00,"0.1.42"
iad-kalshi,"raw/2026-06-30/05/ws.jsonl.gz",19119620,2026-06-30T06:00:34.395000+00:00,"0.1.42"
iad-kalshi,"parquet/2026-06-30/05/orderbook_delta.parquet",20572227,2026-06-30T06:00:59.948000+00:00,"0.1.42"
iad-ci,"forgejo/cnpg/forgejo-postgres/base/20260630T060302/data.tar.gz",5888535,2026-06-30T06:03:29.318000+00:00,"0.1.42"
iad-kalshi,"raw/2026-06-30/06/ws.jsonl.gz",23018512,2026-06-30T07:00:36.005000+00:00,"0.1.42"
iad-kalshi,"parquet/2026-06-30/06/orderbook_delta.parquet",26062136,2026-06-30T07:01:35.141000+00:00,"0.1.42"
iad-ci,"forgejo/cnpg/forgejo-postgres/base/20260630T070302/data.tar.gz",5888567,2026-06-30T07:03:25.169000+00:00,"0.1.42"
iad-kalshi,"raw/2026-06-30/07/ws.jsonl.gz",17745074,2026-06-30T08:00:35.359000+00:00,"0.1.42"
iad-kalshi,"parquet/2026-06-30/07/orderbook_delta.parquet",19494732,2026-06-30T08:01:00.226000+00:00,"0.1.42"
iad-ci,"forgejo/cnpg/forgejo-postgres/base/20260630T080302/data.tar.gz",5888763,2026-06-30T08:03:28.392000+00:00,"0.1.42"
iad-kalshi,"raw/2026-06-30/08/ws.jsonl.gz",16625265,2026-06-30T09:00:33.108000+00:00,"0.1.42"
iad-kalshi,"parquet/2026-06-30/08/orderbook_delta.parquet",18578862,2026-06-30T09:00:56.043000+00:00,"0.1.42"
iad-ci,"forgejo/cnpg/forgejo-postgres/base/20260630T090302/data.tar.gz",5889117,2026-06-30T09:03:28.555000+00:00,"0.1.42"
iad-kalshi,"raw/2026-06-30/09/ws.jsonl.gz",20239334,2026-06-30T10:00:34.533000+00:00,"0.1.42"
iad-kalshi,"parquet/2026-06-30/09/orderbook_delta.parquet",23531039,2026-06-30T10:01:03.833000+00:00,"0.1.42"
iad-ci,"forgejo/cnpg/forgejo-postgres/base/20260630T100302/data.tar.gz",5889009,2026-06-30T10:03:26.369000+00:00,"0.1.42"
iad-kalshi,"raw/2026-06-30/10/ws.jsonl.gz",19441699,2026-06-30T11:00:34.773000+00:00,"0.1.42"
iad-kalshi,"parquet/2026-06-30/10/orderbook_delta.parquet",22760559,2026-06-30T11:01:01.001000+00:00,"0.1.42"
iad-ci,"forgejo/cnpg/forgejo-postgres/base/20260630T110302/data.tar.gz",5888786,2026-06-30T11:03:27.779000+00:00,"0.1.42"
iad-kalshi,"raw/2026-06-30/11/ws.jsonl.gz",20656817,2026-06-30T12:00:34.620000+00:00,"0.1.42"
iad-kalshi,"parquet/2026-06-30/11/orderbook_delta.parquet",23024485,2026-06-30T12:01:02.425000+00:00,"0.1.42"
iad-ci,"forgejo/cnpg/forgejo-postgres/base/20260630T120302/data.tar.gz",5888767,2026-06-30T12:03:28.363000+00:00,"0.1.42"
iad-kalshi,"raw/2026-06-30/12/ws.jsonl.gz",24551472,2026-06-30T13:00:35.935000+00:00,"0.1.42"
iad-kalshi,"parquet/2026-06-30/12/orderbook_delta.parquet",27506248,2026-06-30T13:01:10.483000+00:00,"0.1.42"
iad-ci,"forgejo/cnpg/forgejo-postgres/base/20260630T130302/data.tar.gz",5888883,2026-06-30T13:03:29.861000+00:00,"0.1.42"
iad-kalshi,"raw/2026-06-30/13/ws.jsonl.gz",32957824,2026-06-30T14:00:39.092000+00:00,"0.1.42"
iad-kalshi,"parquet/2026-06-30/13/orderbook_delta.parquet",37159684,2026-06-30T14:01:23.758000+00:00,"0.1.42"
iad-ci,"forgejo/cnpg/forgejo-postgres/base/20260630T140302/data.tar.gz",5888746,2026-06-30T14:03:27.330000+00:00,"0.1.42"
iad-kalshi,"raw/2026-06-30/14/ws.jsonl.gz",48373849,2026-06-30T15:00:43.728000+00:00,"0.1.42"
iad-kalshi,"parquet/2026-06-30/14/orderbook_delta.parquet",50052912,2026-06-30T15:01:45.964000+00:00,"0.1.42"
iad-ci,"forgejo/cnpg/forgejo-postgres/base/20260630T150303/data.tar.gz",5888987,2026-06-30T15:03:27.985000+00:00,"0.1.42"
iad-kalshi,"raw/2026-06-30/15/ws.jsonl.gz",57256646,2026-06-30T16:00:49.845000+00:00,"0.1.42"
iad-kalshi,"parquet/2026-06-30/15/orderbook_delta.parquet",61017920,2026-06-30T16:02:05.642000+00:00,"0.1.42"
iad-ci,"forgejo/cnpg/forgejo-postgres/base/20260630T160302/data.tar.gz",5889166,2026-06-30T16:03:29.452000+00:00,"0.1.42"
iad-kalshi,"raw/2026-06-30/16/ws.jsonl.gz",54472021,2026-06-30T17:00:50.549000+00:00,"0.1.42"
iad-kalshi,"parquet/2026-06-30/16/orderbook_delta.parquet",58760404,2026-06-30T17:02:01.362000+00:00,"0.1.42"
iad-ci,"forgejo/cnpg/forgejo-postgres/base/20260630T170302/data.tar.gz",5889403,2026-06-30T17:03:26.375000+00:00,"0.1.42"
iad-kalshi,"raw/2026-06-30/17/ws.jsonl.gz",55602818,2026-06-30T18:00:50.487000+00:00,"0.1.42"
iad-kalshi,"parquet/2026-06-30/17/orderbook_delta.parquet",58486700,2026-06-30T18:02:00.574000+00:00,"0.1.42"
iad-ci,"forgejo/cnpg/forgejo-postgres/base/20260630T180302/data.tar.gz",5889522,2026-06-30T18:03:27.430000+00:00,"0.1.42"
iad-kalshi,"raw/2026-06-30/18/ws.jsonl.gz",45264676,2026-06-30T19:00:45.484000+00:00,"0.1.42"
iad-kalshi,"parquet/2026-06-30/18/orderbook_delta.parquet",46265665,2026-06-30T19:01:41.018000+00:00,"0.1.42"
iad-ci,"forgejo/cnpg/forgejo-postgres/base/20260630T190302/data.tar.gz",5889830,2026-06-30T19:03:28.167000+00:00,"0.1.42"
iad-kalshi,"raw/2026-06-30/19/ws.jsonl.gz",61395457,2026-06-30T20:00:53.458000+00:00,"0.1.42"
iad-kalshi,"parquet/2026-06-30/19/orderbook_delta.parquet",68442550,2026-06-30T20:02:14.670000+00:00,"0.1.42"
iad-ci,"forgejo/cnpg/forgejo-postgres/base/20260630T200302/data.tar.gz",5890160,2026-06-30T20:03:27.159000+00:00,"0.1.42"
iad-kalshi,"raw/2026-06-30/20/ws.jsonl.gz",56287339,2026-06-30T21:00:20.682000+00:00,"0.1.42"
iad-kalshi,"parquet/2026-06-30/20/orderbook_delta.parquet",61786655,2026-06-30T21:01:34.287000+00:00,"0.1.42"
iad-ci,"forgejo/cnpg/forgejo-postgres/base/20260630T210302/data.tar.gz",5890712,2026-06-30T21:03:28.444000+00:00,"0.1.42"
iad-kalshi,"raw/2026-06-30/21/ws.jsonl.gz",57083420,2026-06-30T22:00:21.652000+00:00,"0.1.42"
iad-kalshi,"parquet/2026-06-30/21/orderbook_delta.parquet",60807139,2026-06-30T22:01:34.650000+00:00,"0.1.42"
iad-ci,"forgejo/cnpg/forgejo-postgres/base/20260630T220302/data.tar.gz",5890252,2026-06-30T22:03:26.596000+00:00,"0.1.42"
iad-kalshi,"raw/2026-06-30/22/ws.jsonl.gz",43321668,2026-06-30T23:00:17.296000+00:00,"0.1.42"
iad-kalshi,"parquet/2026-06-30/22/orderbook_delta.parquet",46785241,2026-06-30T23:01:11.530000+00:00,"0.1.42"
iad-ci,"forgejo/cnpg/forgejo-postgres/base/20260630T230302/data.tar.gz",5890513,2026-06-30T23:03:26.758000+00:00,"0.1.42"
iad-kalshi,"raw/2026-06-30/23/ws.jsonl.gz",32552720,2026-07-01T00:00:11.260000+00:00,"0.1.42"
iad-kalshi,"parquet/2026-06-30/23/orderbook_delta.parquet",34601891,2026-07-01T00:00:53.272000+00:00,"0.1.42"
iad-ci,"forgejo/cnpg/forgejo-postgres/base/20260701T000302/data.tar.gz",5890602,2026-07-01T00:03:31.676000+00:00,"0.1.42"
iad-kalshi,"raw/2026-07-01/00/ws.jsonl.gz",22630392,2026-07-01T01:00:09.692000+00:00,"0.1.42"
iad-kalshi,"parquet/2026-07-01/00/orderbook_delta.parquet",23607034,2026-07-01T01:00:38.601000+00:00,"0.1.42"
iad-ci,"forgejo/cnpg/forgejo-postgres/base/20260701T010302/data.tar.gz",5890726,2026-07-01T01:03:25.867000+00:00,"0.1.42"
iad-kalshi,"raw/2026-07-01/01/ws.jsonl.gz",18709411,2026-07-01T02:00:07.745000+00:00,"0.1.42"
iad-kalshi,"parquet/2026-07-01/01/orderbook_delta.parquet",19165122,2026-07-01T02:00:33.279000+00:00,"0.1.42"
iad-ci,"forgejo/cnpg/forgejo-postgres/base/20260701T020302/data.tar.gz",5890726,2026-07-01T02:03:27.784000+00:00,"0.1.42"
iad-kalshi,"raw/2026-07-01/02/ws.jsonl.gz",14689685,2026-07-01T03:00:07.100000+00:00,"0.1.42"
iad-kalshi,"parquet/2026-07-01/02/orderbook_delta.parquet",14027194,2026-07-01T03:00:25.904000+00:00,"0.1.42"
iad-ci,"forgejo/cnpg/forgejo-postgres/base/20260701T030302/data.tar.gz",5890673,2026-07-01T03:03:28.697000+00:00,"0.1.42"
iad-kalshi,"raw/2026-07-01/03/ws.jsonl.gz",13350820,2026-07-01T04:00:06.378000+00:00,"0.1.42"
iad-kalshi,"parquet/2026-07-01/03/orderbook_delta.parquet",13189056,2026-07-01T04:00:42.522000+00:00,"0.1.42"
iad-ci,"forgejo/cnpg/forgejo-postgres/base/20260701T040302/data.tar.gz",5890626,2026-07-01T04:03:27.162000+00:00,"0.1.42"
iad-kalshi,"raw/2026-07-01/04/ws.jsonl.gz",17481469,2026-07-01T05:00:07.693000+00:00,"0.1.42"
iad-kalshi,"parquet/2026-07-01/04/orderbook_delta.parquet",19316644,2026-07-01T05:00:34.650000+00:00,"0.1.42"
iad-ci,"forgejo/cnpg/forgejo-postgres/base/20260701T050302/data.tar.gz",5890695,2026-07-01T05:03:29.287000+00:00,"0.1.42"
iad-kalshi,"raw/2026-07-01/05/ws.jsonl.gz",17140694,2026-07-01T06:00:08.597000+00:00,"0.1.42"
iad-kalshi,"parquet/2026-07-01/05/orderbook_delta.parquet",19327069,2026-07-01T06:00:34.978000+00:00,"0.1.42"
iad-ci,"forgejo/cnpg/forgejo-postgres/base/20260701T060302/data.tar.gz",5890817,2026-07-01T06:03:32.294000+00:00,"0.1.42"
iad-kalshi,"raw/2026-07-01/06/ws.jsonl.gz",21082424,2026-07-01T07:00:12.101000+00:00,"0.1.42"
iad-kalshi,"parquet/2026-07-01/06/orderbook_delta.parquet",22726488,2026-07-01T07:00:42.061000+00:00,"0.1.42"
iad-ci,"forgejo/cnpg/forgejo-postgres/base/20260701T070302/data.tar.gz",5890401,2026-07-01T07:03:27.465000+00:00,"0.1.42"
iad-kalshi,"raw/2026-07-01/07/ws.jsonl.gz",21149311,2026-07-01T08:00:09.716000+00:00,"0.1.42"
iad-kalshi,"parquet/2026-07-01/07/orderbook_delta.parquet",23036703,2026-07-01T08:00:41.368000+00:00,"0.1.42"
iad-ci,"forgejo/cnpg/forgejo-postgres/base/20260701T080302/data.tar.gz",5890433,2026-07-01T08:03:30.465000+00:00,"0.1.42"
iad-kalshi,"raw/2026-07-01/08/ws.jsonl.gz",12391789,2026-07-01T09:00:08.469000+00:00,"0.1.42"
iad-kalshi,"parquet/2026-07-01/08/orderbook_delta.parquet",13721607,2026-07-01T09:00:27.234000+00:00,"0.1.42"
iad-ci,"forgejo/cnpg/forgejo-postgres/base/20260701T090302/data.tar.gz",5890729,2026-07-01T09:03:28.992000+00:00,"0.1.42"
iad-kalshi,"raw/2026-07-01/09/ws.jsonl.gz",11239141,2026-07-01T10:00:07.744000+00:00,"0.1.42"
iad-kalshi,"parquet/2026-07-01/09/orderbook_delta.parquet",12351535,2026-07-01T10:00:26.661000+00:00,"0.1.42"
iad-ci,"forgejo/cnpg/forgejo-postgres/base/20260701T100302/data.tar.gz",5890664,2026-07-01T10:03:29.210000+00:00,"0.1.42"
iad-kalshi,"raw/2026-07-01/10/ws.jsonl.gz",9346274,2026-07-01T11:00:10.531000+00:00,"0.1.42"
iad-kalshi,"parquet/2026-07-01/10/orderbook_delta.parquet",9732515,2026-07-01T11:00:25.977000+00:00,"0.1.42"
iad-ci,"forgejo/cnpg/forgejo-postgres/base/20260701T110302/data.tar.gz",5890422,2026-07-01T11:03:28.845000+00:00,"0.1.42"
iad-kalshi,"raw/2026-07-01/11/ws.jsonl.gz",15925256,2026-07-01T12:00:09.710000+00:00,"0.1.42"
iad-kalshi,"parquet/2026-07-01/11/orderbook_delta.parquet",17549647,2026-07-01T12:00:34.092000+00:00,"0.1.42"
iad-ci,"forgejo/cnpg/forgejo-postgres/base/20260701T120302/data.tar.gz",5890826,2026-07-01T12:03:27.671000+00:00,"0.1.42"
iad-kalshi,"raw/2026-07-01/12/ws.jsonl.gz",12806381,2026-07-01T13:00:09.401000+00:00,"0.1.42"
iad-kalshi,"parquet/2026-07-01/12/orderbook_delta.parquet",13391767,2026-07-01T13:00:28.341000+00:00,"0.1.42"
iad-ci,"forgejo/cnpg/forgejo-postgres/base/20260701T130302/data.tar.gz",5890880,2026-07-01T13:03:27.484000+00:00,"0.1.42"
iad-kalshi,"raw/2026-07-01/13/ws.jsonl.gz",16576887,2026-07-01T14:00:10.359000+00:00,"0.1.42"
iad-kalshi,"parquet/2026-07-01/13/orderbook_delta.parquet",17724131,2026-07-01T14:00:34.282000+00:00,"0.1.42"
iad-ci,"forgejo/cnpg/forgejo-postgres/base/20260701T140302/data.tar.gz",5890845,2026-07-01T14:03:29.049000+00:00,"0.1.42"
iad-kalshi,"raw/2026-07-01/14/ws.jsonl.gz",29078118,2026-07-01T15:00:13.711000+00:00,"0.1.42"
iad-kalshi,"parquet/2026-07-01/14/orderbook_delta.parquet",29253132,2026-07-01T15:00:47.891000+00:00,"0.1.42"
iad-ci,"forgejo/cnpg/forgejo-postgres/base/20260701T150302/data.tar.gz",5890785,2026-07-01T15:03:25.930000+00:00,"0.1.42"
iad-kalshi,"raw/2026-07-01/15/ws.jsonl.gz",29179951,2026-07-01T16:00:14.324000+00:00,"0.1.42"
iad-kalshi,"parquet/2026-07-01/15/orderbook_delta.parquet",28715786,2026-07-01T16:00:50.536000+00:00,"0.1.42"
iad-ci,"forgejo/cnpg/forgejo-postgres/base/20260701T160302/data.tar.gz",5890620,2026-07-01T16:03:27.163000+00:00,"0.1.42"
iad-kalshi,"raw/2026-07-01/16/ws.jsonl.gz",27016202,2026-07-01T17:00:13.236000+00:00,"0.1.42"
iad-kalshi,"parquet/2026-07-01/16/orderbook_delta.parquet",25691717,2026-07-01T17:00:45.031000+00:00,"0.1.42"
iad-ci,"forgejo/cnpg/forgejo-postgres/base/20260701T170302/data.tar.gz",5890725,2026-07-01T17:03:28.897000+00:00,"0.1.42"
iad-kalshi,"raw/2026-07-01/17/ws.jsonl.gz",25874329,2026-07-01T18:00:12.840000+00:00,"0.1.42"
iad-kalshi,"parquet/2026-07-01/17/orderbook_delta.parquet",24854168,2026-07-01T18:00:44.416000+00:00,"0.1.42"
iad-ci,"forgejo/cnpg/forgejo-postgres/base/20260701T180302/data.tar.gz",5890698,2026-07-01T18:03:28.765000+00:00,"0.1.42"
iad-kalshi,"raw/2026-07-01/18/ws.jsonl.gz",35526983,2026-07-01T19:00:17.292000+00:00,"0.1.42"
iad-kalshi,"parquet/2026-07-01/18/orderbook_delta.parquet",35884051,2026-07-01T19:01:01.572000+00:00,"0.1.42"
iad-ci,"forgejo/cnpg/forgejo-postgres/base/20260701T190302/data.tar.gz",5890607,2026-07-01T19:03:26.917000+00:00,"0.1.42"
iad-kalshi,"raw/2026-07-01/19/ws.jsonl.gz",42573412,2026-07-01T20:00:19.045000+00:00,"0.1.42"
iad-kalshi,"parquet/2026-07-01/19/orderbook_delta.parquet",44001016,2026-07-01T20:01:12.681000+00:00,"0.1.42"
iad-ci,"forgejo/cnpg/forgejo-postgres/base/20260701T200302/data.tar.gz",5890656,2026-07-01T20:03:28.395000+00:00,"0.1.42"
iad-kalshi,"raw/2026-07-01/20/ws.jsonl.gz",47804135,2026-07-01T21:00:22.296000+00:00,"0.1.42"
iad-kalshi,"parquet/2026-07-01/20/orderbook_delta.parquet",50663047,2026-07-01T21:01:24.181000+00:00,"0.1.42"
iad-ci,"forgejo/cnpg/forgejo-postgres/base/20260701T210302/data.tar.gz",5890990,2026-07-01T21:03:27.372000+00:00,"0.1.42"
iad-kalshi,"raw/2026-07-01/21/ws.jsonl.gz",48405591,2026-07-01T22:00:22.457000+00:00,"0.1.42"
iad-kalshi,"parquet/2026-07-01/21/orderbook_delta.parquet",51295039,2026-07-01T22:01:22.259000+00:00,"0.1.42"
iad-ci,"forgejo/cnpg/forgejo-postgres/base/20260701T220302/data.tar.gz",5890814,2026-07-01T22:03:26.668000+00:00,"0.1.42"
iad-kalshi,"raw/2026-07-01/22/ws.jsonl.gz",37182082,2026-07-01T23:00:18.805000+00:00,"0.1.42"
iad-kalshi,"parquet/2026-07-01/22/orderbook_delta.parquet",38403298,2026-07-01T23:01:05.668000+00:00,"0.1.42"
iad-ci,"forgejo/cnpg/forgejo-postgres/base/20260701T230302/data.tar.gz",5890702,2026-07-01T23:03:27.613000+00:00,"0.1.42"
iad-kalshi,"raw/2026-07-01/23/ws.jsonl.gz",30581933,2026-07-02T00:00:17.873000+00:00,"0.1.42"
iad-kalshi,"parquet/2026-07-01/23/orderbook_delta.parquet",32251652,2026-07-02T00:01:26.260000+00:00,"0.1.42"
iad-ci,"forgejo/cnpg/forgejo-postgres/base/20260702T000302/data.tar.gz",5890758,2026-07-02T00:03:26.970000+00:00,"0.1.42"
iad-kalshi,"raw/2026-07-02/00/ws.jsonl.gz",21472642,2026-07-02T01:00:13.319000+00:00,"0.1.42"
iad-kalshi,"parquet/2026-07-02/00/orderbook_delta.parquet",20618444,2026-07-02T01:00:39.891000+00:00,"0.1.42"
iad-ci,"forgejo/cnpg/forgejo-postgres/base/20260702T010303/data.tar.gz",5890684,2026-07-02T01:03:28.386000+00:00,"0.1.42"
iad-kalshi,"raw/2026-07-02/01/ws.jsonl.gz",15913226,2026-07-02T02:00:12.932000+00:00,"0.1.42"
iad-kalshi,"parquet/2026-07-02/01/orderbook_delta.parquet",16063309,2026-07-02T02:00:34.146000+00:00,"0.1.42"
iad-ci,"forgejo/cnpg/forgejo-postgres/base/20260702T020302/data.tar.gz",5890821,2026-07-02T02:03:29.816000+00:00,"0.1.42"
iad-kalshi,"raw/2026-07-02/02/ws.jsonl.gz",17268825,2026-07-02T03:00:12.839000+00:00,"0.1.42"
iad-kalshi,"parquet/2026-07-02/02/orderbook_delta.parquet",17004996,2026-07-02T03:00:37.212000+00:00,"0.1.42"
iad-ci,"forgejo/cnpg/forgejo-postgres/base/20260702T030304/data.tar.gz",5890660,2026-07-02T03:03:28.766000+00:00,"0.1.42"
iad-kalshi,"raw/2026-07-02/03/ws.jsonl.gz",19501538,2026-07-02T04:00:13.016000+00:00,"0.1.42"
iad-kalshi,"parquet/2026-07-02/03/orderbook_delta.parquet",19683125,2026-07-02T04:00:39.929000+00:00,"0.1.42"
iad-ci,"forgejo/cnpg/forgejo-postgres/base/20260702T040302/data.tar.gz",5890823,2026-07-02T04:03:30.757000+00:00,"0.1.42"
iad-kalshi,"raw/2026-07-02/04/ws.jsonl.gz",15080255,2026-07-02T05:00:12.453000+00:00,"0.1.42"
iad-kalshi,"parquet/2026-07-02/04/orderbook_delta.parquet",15127029,2026-07-02T05:00:34.698000+00:00,"0.1.42"
iad-ci,"forgejo/cnpg/forgejo-postgres/base/20260702T050302/data.tar.gz",5890852,2026-07-02T05:03:27.035000+00:00,"0.1.42"
iad-kalshi,"raw/2026-07-02/05/ws.jsonl.gz",17993415,2026-07-02T06:00:13.520000+00:00,"0.1.42"
iad-kalshi,"parquet/2026-07-02/05/orderbook_delta.parquet",19586621,2026-07-02T06:01:38.833000+00:00,"0.1.42"
iad-ci,"forgejo/cnpg/forgejo-postgres/base/20260702T060302/data.tar.gz",5890802,2026-07-02T06:03:26.865000+00:00,"0.1.42"
iad-kalshi,"raw/2026-07-02/06/ws.jsonl.gz",15485497,2026-07-02T07:00:12.515000+00:00,"0.1.42"
iad-kalshi,"parquet/2026-07-02/06/orderbook_delta.parquet",16167419,2026-07-02T07:00:46.119000+00:00,"0.1.42"
iad-ci,"forgejo/cnpg/forgejo-postgres/base/20260702T070302/data.tar.gz",5890765,2026-07-02T07:03:29.486000+00:00,"0.1.42"
iad-ci,"forgejo/cnpg/forgejo-postgres/base/20260702T080302/data.tar.gz",5890794,2026-07-02T08:03:28.727000+00:00,"0.1.42"
iad-ci,"forgejo/cnpg/forgejo-postgres/base/20260702T090302/data.tar.gz",5890817,2026-07-02T09:03:28.283000+00:00,"0.1.42"
iad-kalshi,"raw/2026-07-02/09/ws.jsonl.gz",9398281,2026-07-02T10:00:16.967000+00:00,"0.1.42"
iad-kalshi,"parquet/2026-07-02/09/orderbook_delta.parquet",9346610,2026-07-02T10:00:55.724000+00:00,"0.1.42"
iad-ci,"forgejo/cnpg/forgejo-postgres/base/20260702T100302/data.tar.gz",5890740,2026-07-02T10:03:32.713000+00:00,"0.1.42"
iad-kalshi,"raw/2026-07-02/10/ws.jsonl.gz",7420487,2026-07-02T11:00:11.296000+00:00,"0.1.42"
iad-kalshi,"parquet/2026-07-02/10/orderbook_delta.parquet",7458681,2026-07-02T11:00:25.128000+00:00,"0.1.42"
iad-ci,"forgejo/cnpg/forgejo-postgres/base/20260702T110302/data.tar.gz",5890600,2026-07-02T11:03:29.106000+00:00,"0.1.42"
iad-kalshi,"raw/2026-07-02/11/ws.jsonl.gz",9746880,2026-07-02T12:00:12.017000+00:00,"0.1.42"
iad-kalshi,"parquet/2026-07-02/11/orderbook_delta.parquet",10009483,2026-07-02T12:00:26.443000+00:00,"0.1.42"
iad-ci,"forgejo/cnpg/forgejo-postgres/base/20260702T120302/data.tar.gz",5902508,2026-07-02T12:03:33.647000+00:00,"0.1.42"
iad-kalshi,"raw/2026-07-02/12/ws.jsonl.gz",10519618,2026-07-02T13:00:12.789000+00:00,"0.1.42"
iad-kalshi,"parquet/2026-07-02/12/orderbook_delta.parquet",11448997,2026-07-02T13:00:30.457000+00:00,"0.1.42"
iad-ci,"forgejo/cnpg/forgejo-postgres/base/20260702T130302/data.tar.gz",5917287,2026-07-02T13:03:31.777000+00:00,"0.1.42"
iad-kalshi,"raw/2026-07-02/13/ws.jsonl.gz",13644870,2026-07-02T14:00:13.155000+00:00,"0.1.42"
iad-kalshi,"parquet/2026-07-02/13/orderbook_delta.parquet",14281808,2026-07-02T14:00:32.286000+00:00,"0.1.42"
iad-ci,"forgejo/cnpg/forgejo-postgres/base/20260702T140302/data.tar.gz",5925535,2026-07-02T14:03:32.273000+00:00,"0.1.42"
iad-kalshi,"raw/2026-07-02/14/ws.jsonl.gz",33849524,2026-07-02T15:00:19.922000+00:00,"0.1.42"
iad-kalshi,"parquet/2026-07-02/14/orderbook_delta.parquet",35789824,2026-07-02T15:01:03.929000+00:00,"0.1.42"
iad-ci,"forgejo/cnpg/forgejo-postgres/base/20260702T150339/data.tar.gz",5938020,2026-07-02T15:04:13.728000+00:00,"0.1.42"
iad-kalshi,"raw/2026-07-02/15/ws.jsonl.gz",36500626,2026-07-02T16:00:19.624000+00:00,"0.1.42"
iad-kalshi,"parquet/2026-07-02/15/orderbook_delta.parquet",38539831,2026-07-02T16:01:06.518000+00:00,"0.1.42"
iad-ci,"forgejo/cnpg/forgejo-postgres/base/20260702T160303/data.tar.gz",5953275,2026-07-02T16:03:40.508000+00:00,"0.1.42"
iad-kalshi,"raw/2026-07-02/16/ws.jsonl.gz",45883048,2026-07-02T17:00:23.534000+00:00,"0.1.42"
iad-kalshi,"parquet/2026-07-02/16/orderbook_delta.parquet",50189643,2026-07-02T17:01:23.784000+00:00,"0.1.42"
iad-ci,"forgejo/cnpg/forgejo-postgres/base/20260702T170302/data.tar.gz",5970772,2026-07-02T17:03:28.679000+00:00,"0.1.42"
iad-kalshi,"raw/2026-07-02/17/ws.jsonl.gz",41671380,2026-07-02T18:00:22.866000+00:00,"0.1.42"
iad-kalshi,"parquet/2026-07-02/17/orderbook_delta.parquet",44709118,2026-07-02T18:01:18.599000+00:00,"0.1.42"
iad-ci,"forgejo/cnpg/forgejo-postgres/base/20260702T180302/data.tar.gz",5997955,2026-07-02T18:03:38.993000+00:00,"0.1.42"
iad-kalshi,"raw/2026-07-02/18/ws.jsonl.gz",46283121,2026-07-02T19:00:24.965000+00:00,"0.1.42"
iad-kalshi,"parquet/2026-07-02/18/orderbook_delta.parquet",51353609,2026-07-02T19:01:23.533000+00:00,"0.1.42"
iad-ci,"forgejo/cnpg/forgejo-postgres/base/20260702T190307/data.tar.gz",6018901,2026-07-02T19:03:34.425000+00:00,"0.1.42"
iad-kalshi,"raw/2026-07-02/19/ws.jsonl.gz",41567308,2026-07-02T20:00:22.501000+00:00,"0.1.42"
iad-kalshi,"parquet/2026-07-02/19/orderbook_delta.parquet",44156148,2026-07-02T20:01:13.306000+00:00,"0.1.42"
iad-kalshi,"raw/2026-07-02/20/ws.jsonl.gz",36195666,2026-07-02T21:00:21.808000+00:00,"0.1.42"
iad-kalshi,"parquet/2026-07-02/20/orderbook_delta.parquet",36738067,2026-07-02T21:01:07.338000+00:00,"0.1.42"
iad-ci,"forgejo/cnpg/forgejo-postgres/base/20260702T210303/data.tar.gz",6041606,2026-07-02T21:03:32.704000+00:00,"0.1.42"
iad-kalshi,"raw/2026-07-02/21/ws.jsonl.gz",43178045,2026-07-02T22:00:23.751000+00:00,"0.1.42"
iad-kalshi,"parquet/2026-07-02/21/orderbook_delta.parquet",45237443,2026-07-02T22:01:18.963000+00:00,"0.1.42"
iad-kalshi,"raw/2026-07-02/22/ws.jsonl.gz",58039064,2026-07-02T23:00:29.130000+00:00,"0.1.42"
iad-kalshi,"parquet/2026-07-02/22/orderbook_delta.parquet",64931936,2026-07-02T23:01:43.044000+00:00,"0.1.42"
iad-kalshi,"raw/2026-07-02/23/ws.jsonl.gz",31083829,2026-07-03T00:00:20.091000+00:00,"0.1.42"
iad-kalshi,"parquet/2026-07-02/23/orderbook_delta.parquet",32452518,2026-07-03T00:00:58.743000+00:00,"0.1.42"
iad-kalshi,"raw/2026-07-03/00/ws.jsonl.gz",16502709,2026-07-03T01:00:17.087000+00:00,"0.1.42"
iad-kalshi,"parquet/2026-07-03/00/orderbook_delta.parquet",16028776,2026-07-03T01:00:40.762000+00:00,"0.1.42"
iad-kalshi,"raw/2026-07-03/01/ws.jsonl.gz",18881728,2026-07-03T02:00:17.029000+00:00,"0.1.42"
iad-kalshi,"parquet/2026-07-03/01/orderbook_delta.parquet",19947703,2026-07-03T02:00:43.045000+00:00,"0.1.42"
iad-kalshi,"raw/2026-07-03/02/ws.jsonl.gz",17608670,2026-07-03T03:00:16.279000+00:00,"0.1.42"
iad-kalshi,"parquet/2026-07-03/02/orderbook_delta.parquet",17774911,2026-07-03T03:00:41.507000+00:00,"0.1.42"
iad-kalshi,"raw/2026-07-03/03/ws.jsonl.gz",19059753,2026-07-03T04:00:16.997000+00:00,"0.1.42"
iad-kalshi,"parquet/2026-07-03/03/orderbook_delta.parquet",19849103,2026-07-03T04:00:43.678000+00:00,"0.1.42"
iad-kalshi,"raw/2026-07-03/04/ws.jsonl.gz",24221764,2026-07-03T05:00:20.016000+00:00,"0.1.42"
iad-kalshi,"parquet/2026-07-03/04/orderbook_delta.parquet",26117429,2026-07-03T05:00:51.866000+00:00,"0.1.42"
iad-kalshi,"raw/2026-07-03/05/ws.jsonl.gz",29150000,2026-07-03T06:00:21.067000+00:00,"0.1.42"
iad-kalshi,"parquet/2026-07-03/05/orderbook_delta.parquet",33762972,2026-07-03T06:01:01.655000+00:00,"0.1.42"
iad-kalshi,"raw/2026-07-03/06/ws.jsonl.gz",17503195,2026-07-03T07:00:17.416000+00:00,"0.1.42"
iad-kalshi,"parquet/2026-07-03/06/orderbook_delta.parquet",19127342,2026-07-03T07:00:42.029000+00:00,"0.1.42"
iad-kalshi,"raw/2026-07-03/07/ws.jsonl.gz",19123377,2026-07-03T08:00:19.352000+00:00,"0.1.42"
iad-kalshi,"parquet/2026-07-03/07/orderbook_delta.parquet",21493172,2026-07-03T08:00:53.334000+00:00,"0.1.42"
iad-kalshi,"raw/2026-07-03/08/ws.jsonl.gz",16774482,2026-07-03T09:00:17.715000+00:00,"0.1.42"
iad-kalshi,"parquet/2026-07-03/08/orderbook_delta.parquet",19517049,2026-07-03T09:00:44.283000+00:00,"0.1.42"
iad-kalshi,"raw/2026-07-03/09/ws.jsonl.gz",17561206,2026-07-03T10:00:18.472000+00:00,"0.1.42"
iad-kalshi,"parquet/2026-07-03/09/orderbook_delta.parquet",20238248,2026-07-03T10:00:45.614000+00:00,"0.1.42"
iad-kalshi,"raw/2026-07-03/10/ws.jsonl.gz",15422441,2026-07-03T11:00:17.616000+00:00,"0.1.42"
iad-kalshi,"parquet/2026-07-03/10/orderbook_delta.parquet",17328190,2026-07-03T11:00:40.612000+00:00,"0.1.42"
iad-kalshi,"raw/2026-07-03/11/ws.jsonl.gz",18869981,2026-07-03T12:00:18.542000+00:00,"0.1.42"
iad-kalshi,"parquet/2026-07-03/11/orderbook_delta.parquet",21569427,2026-07-03T12:00:44.608000+00:00,"0.1.42"
iad-kalshi,"raw/2026-07-03/12/ws.jsonl.gz",13417828,2026-07-03T13:00:16.932000+00:00,"0.1.42"
iad-kalshi,"parquet/2026-07-03/12/orderbook_delta.parquet",14028467,2026-07-03T13:00:37.053000+00:00,"0.1.42"
iad-kalshi,"raw/2026-07-03/13/ws.jsonl.gz",16727147,2026-07-03T14:00:17.881000+00:00,"0.1.42"
iad-kalshi,"parquet/2026-07-03/13/orderbook_delta.parquet",18345602,2026-07-03T14:00:43.046000+00:00,"0.1.42"
iad-kalshi,"raw/2026-07-03/14/ws.jsonl.gz",38764281,2026-07-03T15:00:24.806000+00:00,"0.1.42"
iad-kalshi,"parquet/2026-07-03/14/orderbook_delta.parquet",38586829,2026-07-03T15:01:11.745000+00:00,"0.1.42"
iad-kalshi,"raw/2026-07-03/15/ws.jsonl.gz",53407029,2026-07-03T16:00:29.863000+00:00,"0.1.42"
iad-kalshi,"parquet/2026-07-03/15/orderbook_delta.parquet",58415368,2026-07-03T16:01:38.867000+00:00,"0.1.42"
iad-kalshi,"raw/2026-07-03/16/ws.jsonl.gz",48222478,2026-07-03T17:00:28.239000+00:00,"0.1.42"
iad-kalshi,"parquet/2026-07-03/16/orderbook_delta.parquet",53222471,2026-07-03T17:01:29.273000+00:00,"0.1.42"
iad-kalshi,"raw/2026-07-03/17/ws.jsonl.gz",56372404,2026-07-03T18:00:31.729000+00:00,"0.1.42"
iad-kalshi,"parquet/2026-07-03/17/orderbook_delta.parquet",61635288,2026-07-03T18:01:46.956000+00:00,"0.1.42"
iad-kalshi,"raw/2026-07-03/18/ws.jsonl.gz",52837726,2026-07-03T19:00:30.911000+00:00,"0.1.42"
iad-kalshi,"parquet/2026-07-03/18/orderbook_delta.parquet",56496642,2026-07-03T19:01:38.782000+00:00,"0.1.42"
iad-kalshi,"raw/2026-07-03/19/ws.jsonl.gz",51015693,2026-07-03T20:00:30.033000+00:00,"0.1.42"
iad-kalshi,"parquet/2026-07-03/19/orderbook_delta.parquet",53142246,2026-07-03T20:01:33.793000+00:00,"0.1.42"
iad-kalshi,"raw/2026-07-03/20/ws.jsonl.gz",51532236,2026-07-03T21:00:30.683000+00:00,"0.1.42"
iad-kalshi,"parquet/2026-07-03/20/orderbook_delta.parquet",54273302,2026-07-03T21:01:35.072000+00:00,"0.1.42"
iad-kalshi,"raw/2026-07-03/21/ws.jsonl.gz",50563128,2026-07-03T22:00:29.405000+00:00,"0.1.42"
iad-kalshi,"parquet/2026-07-03/21/orderbook_delta.parquet",54581078,2026-07-03T22:01:32.845000+00:00,"0.1.42"
iad-kalshi,"raw/2026-07-03/22/ws.jsonl.gz",38228081,2026-07-03T23:00:26.995000+00:00,"0.1.42"
iad-kalshi,"parquet/2026-07-03/22/orderbook_delta.parquet",39811401,2026-07-03T23:01:16.967000+00:00,"0.1.42"
iad-kalshi,"raw/2026-07-03/23/ws.jsonl.gz",25468225,2026-07-04T00:00:23.222000+00:00,"0.1.42"
iad-kalshi,"parquet/2026-07-03/23/orderbook_delta.parquet",26179049,2026-07-04T00:00:54.424000+00:00,"0.1.42"
iad-kalshi,"raw/2026-07-04/00/ws.jsonl.gz",18520814,2026-07-04T01:00:21.676000+00:00,"0.1.42"
iad-kalshi,"parquet/2026-07-04/00/orderbook_delta.parquet",18566426,2026-07-04T01:00:46.441000+00:00,"0.1.42"
iad-kalshi,"raw/2026-07-04/01/ws.jsonl.gz",17696306,2026-07-04T02:00:21.848000+00:00,"0.1.42"
iad-kalshi,"parquet/2026-07-04/01/orderbook_delta.parquet",19004174,2026-07-04T02:00:46.257000+00:00,"0.1.42"
iad-kalshi,"raw/2026-07-04/02/ws.jsonl.gz",18514057,2026-07-04T03:00:22.307000+00:00,"0.1.42"
iad-kalshi,"parquet/2026-07-04/02/orderbook_delta.parquet",19161353,2026-07-04T03:00:57.735000+00:00,"0.1.42"
iad-kalshi,"raw/2026-07-04/03/ws.jsonl.gz",17366658,2026-07-04T04:00:22.076000+00:00,"0.1.42"
iad-kalshi,"parquet/2026-07-04/03/orderbook_delta.parquet",17883896,2026-07-04T04:00:53.285000+00:00,"0.1.42"
iad-kalshi,"raw/2026-07-04/04/ws.jsonl.gz",17298509,2026-07-04T05:00:22.030000+00:00,"0.1.42"
iad-kalshi,"parquet/2026-07-04/04/orderbook_delta.parquet",17789187,2026-07-04T05:01:00.480000+00:00,"0.1.42"
iad-kalshi,"raw/2026-07-04/05/ws.jsonl.gz",18330842,2026-07-04T06:00:22.117000+00:00,"0.1.42"
iad-kalshi,"parquet/2026-07-04/05/orderbook_delta.parquet",19122832,2026-07-04T06:00:47.365000+00:00,"0.1.42"
iad-kalshi,"raw/2026-07-04/06/ws.jsonl.gz",21064905,2026-07-04T07:00:23.953000+00:00,"0.1.42"
iad-kalshi,"parquet/2026-07-04/06/orderbook_delta.parquet",22829041,2026-07-04T07:00:51.948000+00:00,"0.1.42"
iad-kalshi,"raw/2026-07-04/07/ws.jsonl.gz",20382462,2026-07-04T08:00:24.570000+00:00,"0.1.42"
iad-kalshi,"parquet/2026-07-04/07/orderbook_delta.parquet",23687235,2026-07-04T08:01:20.356000+00:00,"0.1.42"
iad-kalshi,"raw/2026-07-04/08/ws.jsonl.gz",16071813,2026-07-04T09:00:22.043000+00:00,"0.1.42"
iad-kalshi,"parquet/2026-07-04/08/orderbook_delta.parquet",17891422,2026-07-04T09:00:43.757000+00:00,"0.1.42"
iad-kalshi,"raw/2026-07-04/09/ws.jsonl.gz",15842479,2026-07-04T10:00:22.011000+00:00,"0.1.42"
iad-kalshi,"parquet/2026-07-04/09/orderbook_delta.parquet",16854311,2026-07-04T10:00:43.920000+00:00,"0.1.42"
iad-kalshi,"raw/2026-07-04/10/ws.jsonl.gz",15632044,2026-07-04T11:00:22.329000+00:00,"0.1.42"
iad-kalshi,"parquet/2026-07-04/10/orderbook_delta.parquet",16694436,2026-07-04T11:00:45.805000+00:00,"0.1.42"
iad-kalshi,"raw/2026-07-04/11/ws.jsonl.gz",16764028,2026-07-04T12:00:22.980000+00:00,"0.1.42"
iad-kalshi,"parquet/2026-07-04/11/orderbook_delta.parquet",17303076,2026-07-04T12:00:45.748000+00:00,"0.1.42"
iad-kalshi,"raw/2026-07-04/12/ws.jsonl.gz",19554593,2026-07-04T13:00:24.190000+00:00,"0.1.42"
iad-kalshi,"parquet/2026-07-04/12/orderbook_delta.parquet",21149642,2026-07-04T13:00:51.261000+00:00,"0.1.42"
iad-kalshi,"raw/2026-07-04/13/ws.jsonl.gz",21263323,2026-07-04T14:00:23.865000+00:00,"0.1.42"
iad-kalshi,"parquet/2026-07-04/13/orderbook_delta.parquet",23661010,2026-07-04T14:00:52.895000+00:00,"0.1.42"
iad-kalshi,"raw/2026-07-04/14/ws.jsonl.gz",37368205,2026-07-04T15:00:29.088000+00:00,"0.1.42"
iad-kalshi,"parquet/2026-07-04/14/orderbook_delta.parquet",36734530,2026-07-04T15:01:14.960000+00:00,"0.1.42"
iad-kalshi,"raw/2026-07-04/15/ws.jsonl.gz",32361116,2026-07-04T16:00:29.185000+00:00,"0.1.42"
iad-kalshi,"parquet/2026-07-04/15/orderbook_delta.parquet",31251564,2026-07-04T16:01:07.611000+00:00,"0.1.42"
iad-kalshi,"raw/2026-07-04/16/ws.jsonl.gz",32066595,2026-07-04T17:00:29.287000+00:00,"0.1.42"
iad-kalshi,"parquet/2026-07-04/16/orderbook_delta.parquet",31848092,2026-07-04T17:01:08.557000+00:00,"0.1.42"
iad-kalshi,"raw/2026-07-04/17/ws.jsonl.gz",40911347,2026-07-04T18:00:31.105000+00:00,"0.1.42"
iad-kalshi,"parquet/2026-07-04/17/orderbook_delta.parquet",44631368,2026-07-04T18:01:23.623000+00:00,"0.1.42"
iad-kalshi,"raw/2026-07-04/18/ws.jsonl.gz",41366345,2026-07-04T19:00:31.728000+00:00,"0.1.42"
iad-kalshi,"parquet/2026-07-04/18/orderbook_delta.parquet",43977835,2026-07-04T19:01:24.196000+00:00,"0.1.42"
iad-kalshi,"raw/2026-07-04/19/ws.jsonl.gz",42139289,2026-07-04T20:00:33.068000+00:00,"0.1.42"
iad-kalshi,"parquet/2026-07-04/19/orderbook_delta.parquet",43727703,2026-07-04T20:01:25.479000+00:00,"0.1.42"
iad-kalshi,"raw/2026-07-04/20/ws.jsonl.gz",41750972,2026-07-04T21:00:32.961000+00:00,"0.1.42"
iad-kalshi,"parquet/2026-07-04/20/orderbook_delta.parquet",43626131,2026-07-04T21:01:25.516000+00:00,"0.1.42"
iad-kalshi,"raw/2026-07-04/21/ws.jsonl.gz",38127888,2026-07-04T22:00:32.699000+00:00,"0.1.42"
iad-kalshi,"parquet/2026-07-04/21/orderbook_delta.parquet",40187513,2026-07-04T22:01:23.886000+00:00,"0.1.42"
iad-kalshi,"raw/2026-07-04/22/ws.jsonl.gz",35824071,2026-07-04T23:00:32.146000+00:00,"0.1.42"
iad-kalshi,"parquet/2026-07-04/22/orderbook_delta.parquet",37500519,2026-07-04T23:01:19.688000+00:00,"0.1.42"
iad-kalshi,"raw/2026-07-04/23/ws.jsonl.gz",30817809,2026-07-05T00:00:30.791000+00:00,"0.1.42"
iad-kalshi,"parquet/2026-07-04/23/orderbook_delta.parquet",32730795,2026-07-05T00:01:14.402000+00:00,"0.1.42"
iad-ci,"forgejo/cnpg/forgejo-postgres/base/20260705T004717/data.tar.gz",6274640,2026-07-05T00:47:42.154000+00:00,"0.1.42"
iad-kalshi,"raw/2026-07-05/00/ws.jsonl.gz",27202679,2026-07-05T01:00:30.336000+00:00,"0.1.42"
iad-kalshi,"parquet/2026-07-05/00/orderbook_delta.parquet",27329445,2026-07-05T01:01:05.693000+00:00,"0.1.42"
iad-ci,"forgejo/cnpg/forgejo-postgres/base/20260705T010302/data.tar.gz",6274739,2026-07-05T01:03:26.221000+00:00,"0.1.42"
iad-kalshi,"raw/2026-07-05/01/ws.jsonl.gz",21263546,2026-07-05T02:00:28.981000+00:00,"0.1.42"
iad-kalshi,"parquet/2026-07-05/01/orderbook_delta.parquet",19838992,2026-07-05T02:00:55.335000+00:00,"0.1.42"
iad-ci,"forgejo/cnpg/forgejo-postgres/base/20260705T020302/data.tar.gz",6274632,2026-07-05T02:03:26.141000+00:00,"0.1.42"
iad-kalshi,"raw/2026-07-05/02/ws.jsonl.gz",18112234,2026-07-05T03:00:28.016000+00:00,"0.1.42"
iad-kalshi,"parquet/2026-07-05/02/orderbook_delta.parquet",16716243,2026-07-05T03:00:51.670000+00:00,"0.1.42"
iad-ci,"forgejo/cnpg/forgejo-postgres/base/20260705T030302/data.tar.gz",6274443,2026-07-05T03:03:28.230000+00:00,"0.1.42"
iad-kalshi,"raw/2026-07-05/03/ws.jsonl.gz",19210523,2026-07-05T04:00:27.911000+00:00,"0.1.42"
iad-kalshi,"parquet/2026-07-05/03/orderbook_delta.parquet",17762191,2026-07-05T04:00:53.092000+00:00,"0.1.42"
iad-ci,"forgejo/cnpg/forgejo-postgres/base/20260705T040302/data.tar.gz",6275144,2026-07-05T04:03:29.321000+00:00,"0.1.42"
iad-kalshi,"raw/2026-07-05/04/ws.jsonl.gz",25114209,2026-07-05T05:00:31.836000+00:00,"0.1.42"
iad-kalshi,"parquet/2026-07-05/04/orderbook_delta.parquet",26954478,2026-07-05T05:01:07.545000+00:00,"0.1.42"
iad-ci,"forgejo/cnpg/forgejo-postgres/base/20260705T050302/data.tar.gz",6275135,2026-07-05T05:03:28.542000+00:00,"0.1.42"
iad-kalshi,"raw/2026-07-05/05/ws.jsonl.gz",15289564,2026-07-05T06:00:27.188000+00:00,"0.1.42"
iad-kalshi,"parquet/2026-07-05/05/orderbook_delta.parquet",14791799,2026-07-05T06:01:02.062000+00:00,"0.1.42"
iad-ci,"forgejo/cnpg/forgejo-postgres/base/20260705T060302/data.tar.gz",6274804,2026-07-05T06:03:28.124000+00:00,"0.1.42"
iad-kalshi,"raw/2026-07-05/06/ws.jsonl.gz",13328054,2026-07-05T07:00:29.488000+00:00,"0.1.42"
iad-kalshi,"parquet/2026-07-05/06/orderbook_delta.parquet",12578022,2026-07-05T07:00:47.880000+00:00,"0.1.42"
iad-ci,"forgejo/cnpg/forgejo-postgres/base/20260705T070302/data.tar.gz",6275255,2026-07-05T07:03:32.110000+00:00,"0.1.42"
iad-kalshi,"raw/2026-07-05/07/ws.jsonl.gz",11315564,2026-07-05T08:00:27.891000+00:00,"0.1.42"
iad-kalshi,"parquet/2026-07-05/07/orderbook_delta.parquet",11020157,2026-07-05T08:00:44.046000+00:00,"0.1.42"
iad-ci,"forgejo/cnpg/forgejo-postgres/base/20260705T080302/data.tar.gz",6275461,2026-07-05T08:03:28.489000+00:00,"0.1.42"
iad-kalshi,"raw/2026-07-05/08/ws.jsonl.gz",11843134,2026-07-05T09:00:27.847000+00:00,"0.1.42"
iad-kalshi,"parquet/2026-07-05/08/orderbook_delta.parquet",11474671,2026-07-05T09:00:41.952000+00:00,"0.1.42"
iad-ci,"forgejo/cnpg/forgejo-postgres/base/20260705T090302/data.tar.gz",6275828,2026-07-05T09:03:29.501000+00:00,"0.1.42"
iad-kalshi,"raw/2026-07-05/09/ws.jsonl.gz",13025384,2026-07-05T10:00:27.628000+00:00,"0.1.42"
iad-kalshi,"parquet/2026-07-05/09/orderbook_delta.parquet",12638737,2026-07-05T10:00:45.961000+00:00,"0.1.42"
iad-ci,"forgejo/cnpg/forgejo-postgres/base/20260705T100302/data.tar.gz",6275075,2026-07-05T10:03:30.220000+00:00,"0.1.42"
iad-kalshi,"raw/2026-07-05/10/ws.jsonl.gz",14472405,2026-07-05T11:00:27.764000+00:00,"0.1.42"
iad-kalshi,"parquet/2026-07-05/10/orderbook_delta.parquet",14528316,2026-07-05T11:00:48.905000+00:00,"0.1.42"
iad-ci,"forgejo/cnpg/forgejo-postgres/base/20260705T110302/data.tar.gz",6275520,2026-07-05T11:03:27.222000+00:00,"0.1.42"
iad-kalshi,"raw/2026-07-05/11/ws.jsonl.gz",14974215,2026-07-05T12:00:27.919000+00:00,"0.1.42"
iad-kalshi,"parquet/2026-07-05/11/orderbook_delta.parquet",14638562,2026-07-05T12:00:50.585000+00:00,"0.1.42"
iad-ci,"forgejo/cnpg/forgejo-postgres/base/20260705T120302/data.tar.gz",6275602,2026-07-05T12:03:29.254000+00:00,"0.1.42"
iad-kalshi,"raw/2026-07-05/12/ws.jsonl.gz",13492370,2026-07-05T13:00:28.081000+00:00,"0.1.42"
iad-kalshi,"parquet/2026-07-05/12/orderbook_delta.parquet",13175058,2026-07-05T13:00:45.383000+00:00,"0.1.42"
iad-ci,"forgejo/cnpg/forgejo-postgres/base/20260705T130303/data.tar.gz",6275494,2026-07-05T13:03:37.918000+00:00,"0.1.42"
iad-kalshi,"raw/2026-07-05/13/ws.jsonl.gz",17839675,2026-07-05T14:00:29.075000+00:00,"0.1.42"
iad-kalshi,"parquet/2026-07-05/13/orderbook_delta.parquet",18613302,2026-07-05T14:01:53.976000+00:00,"0.1.42"
iad-ci,"forgejo/cnpg/forgejo-postgres/base/20260705T140302/data.tar.gz",6275500,2026-07-05T14:03:27.948000+00:00,"0.1.42"
iad-kalshi,"raw/2026-07-05/14/ws.jsonl.gz",38407400,2026-07-05T15:00:34.806000+00:00,"0.1.42"
iad-kalshi,"parquet/2026-07-05/14/orderbook_delta.parquet",37533445,2026-07-05T15:01:21.414000+00:00,"0.1.42"
iad-ci,"forgejo/cnpg/forgejo-postgres/base/20260705T150302/data.tar.gz",6275935,2026-07-05T15:03:27.147000+00:00,"0.1.42"
iad-kalshi,"raw/2026-07-05/15/ws.jsonl.gz",34853832,2026-07-05T16:00:34.692000+00:00,"0.1.42"
iad-kalshi,"parquet/2026-07-05/15/orderbook_delta.parquet",34391291,2026-07-05T16:01:15.308000+00:00,"0.1.42"
iad-ci,"forgejo/cnpg/forgejo-postgres/base/20260705T160302/data.tar.gz",6277587,2026-07-05T16:03:32.533000+00:00,"0.1.42"
iad-kalshi,"raw/2026-07-05/16/ws.jsonl.gz",33354284,2026-07-05T17:00:35.125000+00:00,"0.1.42"
iad-kalshi,"parquet/2026-07-05/16/orderbook_delta.parquet",33213882,2026-07-05T17:01:28.692000+00:00,"0.1.42"
iad-ci,"forgejo/cnpg/forgejo-postgres/base/20260705T170303/data.tar.gz",6281874,2026-07-05T17:03:35.443000+00:00,"0.1.42"
iad-kalshi,"raw/2026-07-05/17/ws.jsonl.gz",40003979,2026-07-05T18:00:37.327000+00:00,"0.1.42"
iad-kalshi,"parquet/2026-07-05/17/orderbook_delta.parquet",42917910,2026-07-05T18:01:27.664000+00:00,"0.1.42"
iad-ci,"forgejo/cnpg/forgejo-postgres/base/20260705T180302/data.tar.gz",6283393,2026-07-05T18:03:30.739000+00:00,"0.1.42"
iad-kalshi,"raw/2026-07-05/18/ws.jsonl.gz",33456727,2026-07-05T19:00:35.149000+00:00,"0.1.42"
iad-kalshi,"parquet/2026-07-05/18/orderbook_delta.parquet",33522231,2026-07-05T19:01:16.629000+00:00,"0.1.42"
iad-ci,"forgejo/cnpg/forgejo-postgres/base/20260705T190303/data.tar.gz",6284830,2026-07-05T19:03:33.421000+00:00,"0.1.42"
iad-kalshi,"raw/2026-07-05/19/ws.jsonl.gz",38284927,2026-07-05T20:00:37.973000+00:00,"0.1.42"
iad-kalshi,"parquet/2026-07-05/19/orderbook_delta.parquet",39415292,2026-07-05T20:01:25.789000+00:00,"0.1.42"
iad-ci,"forgejo/cnpg/forgejo-postgres/base/20260705T200302/data.tar.gz",6289696,2026-07-05T20:03:27.940000+00:00,"0.1.42"
iad-kalshi,"raw/2026-07-05/20/ws.jsonl.gz",40483096,2026-07-05T21:00:38.379000+00:00,"0.1.42"
iad-kalshi,"parquet/2026-07-05/20/orderbook_delta.parquet",42366885,2026-07-05T21:01:29.172000+00:00,"0.1.42"
iad-ci,"forgejo/cnpg/forgejo-postgres/base/20260705T210302/data.tar.gz",6291084,2026-07-05T21:03:34.147000+00:00,"0.1.42"
iad-kalshi,"raw/2026-07-05/21/ws.jsonl.gz",30606221,2026-07-05T22:00:34.324000+00:00,"0.1.42"
iad-kalshi,"parquet/2026-07-05/21/orderbook_delta.parquet",29560015,2026-07-05T22:01:09.471000+00:00,"0.1.42"
iad-ci,"forgejo/cnpg/forgejo-postgres/base/20260705T220304/data.tar.gz",6310690,2026-07-05T22:03:37.789000+00:00,"0.1.42"
iad-kalshi,"raw/2026-07-05/22/ws.jsonl.gz",30847369,2026-07-05T23:00:35.305000+00:00,"0.1.42"
iad-kalshi,"parquet/2026-07-05/22/orderbook_delta.parquet",31281210,2026-07-05T23:01:22.714000+00:00,"0.1.42"
iad-ci,"forgejo/cnpg/forgejo-postgres/base/20260705T230302/data.tar.gz",6316637,2026-07-05T23:03:34.368000+00:00,"0.1.42"
iad-kalshi,"raw/2026-07-05/23/ws.jsonl.gz",28929317,2026-07-06T00:00:34.497000+00:00,"0.1.42"
iad-kalshi,"parquet/2026-07-05/23/orderbook_delta.parquet",30160225,2026-07-06T00:01:11.967000+00:00,"0.1.42"
iad-ci,"forgejo/cnpg/forgejo-postgres/base/20260706T000302/data.tar.gz",6321102,2026-07-06T00:03:30.806000+00:00,"0.1.42"
iad-kalshi,"raw/2026-07-06/00/ws.jsonl.gz",25756861,2026-07-06T01:00:34.653000+00:00,"0.1.42"
iad-kalshi,"parquet/2026-07-06/00/orderbook_delta.parquet",26543916,2026-07-06T01:01:05.544000+00:00,"0.1.42"
iad-ci,"forgejo/cnpg/forgejo-postgres/base/20260706T010302/data.tar.gz",6322591,2026-07-06T01:03:29.339000+00:00,"0.1.42"
iad-kalshi,"raw/2026-07-06/01/ws.jsonl.gz",20161421,2026-07-06T02:00:33.359000+00:00,"0.1.42"
iad-kalshi,"parquet/2026-07-06/01/orderbook_delta.parquet",19894368,2026-07-06T02:00:59.338000+00:00,"0.1.42"
iad-ci,"forgejo/cnpg/forgejo-postgres/base/20260706T020302/data.tar.gz",6323521,2026-07-06T02:03:32.821000+00:00,"0.1.42"
iad-kalshi,"raw/2026-07-06/02/ws.jsonl.gz",23090810,2026-07-06T03:00:34.276000+00:00,"0.1.42"
iad-kalshi,"parquet/2026-07-06/02/orderbook_delta.parquet",22761375,2026-07-06T03:01:03.854000+00:00,"0.1.42"
iad-ci,"forgejo/cnpg/forgejo-postgres/base/20260706T030313/data.tar.gz",6325326,2026-07-06T03:05:00.268000+00:00,"0.1.42"
iad-kalshi,"raw/2026-07-06/03/ws.jsonl.gz",26866864,2026-07-06T04:01:39.622000+00:00,"0.1.42"
iad-kalshi,"parquet/2026-07-06/03/orderbook_delta.parquet",27447469,2026-07-06T04:02:12.458000+00:00,"0.1.42"
iad-ci,"forgejo/cnpg/forgejo-postgres/base/20260706T040303/data.tar.gz",6324661,2026-07-06T04:03:30.365000+00:00,"0.1.42"
iad-kalshi,"raw/2026-07-06/04/ws.jsonl.gz",25689207,2026-07-06T05:00:34.889000+00:00,"0.1.42"
iad-kalshi,"parquet/2026-07-06/04/orderbook_delta.parquet",26617674,2026-07-06T05:01:08.914000+00:00,"0.1.42"
iad-ci,"forgejo/cnpg/forgejo-postgres/base/20260706T050304/data.tar.gz",6330985,2026-07-06T05:03:38.481000+00:00,"0.1.42"
iad-kalshi,"raw/2026-07-06/05/ws.jsonl.gz",17945762,2026-07-06T06:00:32.585000+00:00,"0.1.42"
iad-kalshi,"parquet/2026-07-06/05/orderbook_delta.parquet",17661789,2026-07-06T06:00:55.018000+00:00,"0.1.42"
iad-ci,"forgejo/cnpg/forgejo-postgres/base/20260706T060303/data.tar.gz",6335779,2026-07-06T06:03:29.105000+00:00,"0.1.42"
iad-kalshi,"raw/2026-07-06/06/ws.jsonl.gz",21019645,2026-07-06T07:00:33.664000+00:00,"0.1.42"
iad-kalshi,"parquet/2026-07-06/06/orderbook_delta.parquet",21239818,2026-07-06T07:01:14.009000+00:00,"0.1.42"
iad-ci,"forgejo/cnpg/forgejo-postgres/base/20260706T070303/data.tar.gz",6338353,2026-07-06T07:03:30.093000+00:00,"0.1.42"
iad-kalshi,"raw/2026-07-06/07/ws.jsonl.gz",21287549,2026-07-06T08:00:35.350000+00:00,"0.1.42"
iad-kalshi,"parquet/2026-07-06/07/orderbook_delta.parquet",21600260,2026-07-06T08:01:01.918000+00:00,"0.1.42"
iad-ci,"forgejo/cnpg/forgejo-postgres/base/20260706T080302/data.tar.gz",6337931,2026-07-06T08:03:27.231000+00:00,"0.1.42"
iad-kalshi,"raw/2026-07-06/08/ws.jsonl.gz",18231444,2026-07-06T09:00:33.817000+00:00,"0.1.42"
iad-kalshi,"parquet/2026-07-06/08/orderbook_delta.parquet",18406468,2026-07-06T09:00:58.832000+00:00,"0.1.42"
iad-ci,"forgejo/cnpg/forgejo-postgres/base/20260706T090302/data.tar.gz",6337881,2026-07-06T09:03:26.988000+00:00,"0.1.42"
iad-kalshi,"raw/2026-07-06/09/ws.jsonl.gz",19673440,2026-07-06T10:00:34.139000+00:00,"0.1.42"
iad-kalshi,"parquet/2026-07-06/09/orderbook_delta.parquet",20435018,2026-07-06T10:01:01.901000+00:00,"0.1.42"
iad-ci,"forgejo/cnpg/forgejo-postgres/base/20260706T100302/data.tar.gz",6337800,2026-07-06T10:03:27.302000+00:00,"0.1.42"
iad-kalshi,"raw/2026-07-06/10/ws.jsonl.gz",19695713,2026-07-06T11:00:34.434000+00:00,"0.1.42"
iad-kalshi,"parquet/2026-07-06/10/orderbook_delta.parquet",20237771,2026-07-06T11:01:00.042000+00:00,"0.1.42"
iad-ci,"forgejo/cnpg/forgejo-postgres/base/20260706T110302/data.tar.gz",6337549,2026-07-06T11:03:25.316000+00:00,"0.1.42"
iad-kalshi,"raw/2026-07-06/11/ws.jsonl.gz",22183934,2026-07-06T12:00:35.874000+00:00,"0.1.42"
iad-kalshi,"parquet/2026-07-06/11/orderbook_delta.parquet",23487118,2026-07-06T12:01:06.899000+00:00,"0.1.42"
iad-ci,"forgejo/cnpg/forgejo-postgres/base/20260706T120302/data.tar.gz",6337887,2026-07-06T12:03:28.251000+00:00,"0.1.42"
iad-kalshi,"raw/2026-07-06/12/ws.jsonl.gz",18117891,2026-07-06T13:00:35.391000+00:00,"0.1.42"
iad-kalshi,"parquet/2026-07-06/12/orderbook_delta.parquet",17679227,2026-07-06T13:00:59.222000+00:00,"0.1.42"
iad-ci,"forgejo/cnpg/forgejo-postgres/base/20260706T130302/data.tar.gz",6342196,2026-07-06T13:03:37.158000+00:00,"0.1.42"
iad-kalshi,"raw/2026-07-06/13/ws.jsonl.gz",17896195,2026-07-06T14:00:34.136000+00:00,"0.1.42"
iad-kalshi,"parquet/2026-07-06/13/orderbook_delta.parquet",17735725,2026-07-06T14:00:56.416000+00:00,"0.1.42"
iad-ci,"forgejo/cnpg/forgejo-postgres/base/20260706T140302/data.tar.gz",6342085,2026-07-06T14:03:28.492000+00:00,"0.1.42"
iad-kalshi,"raw/2026-07-06/14/ws.jsonl.gz",39961537,2026-07-06T15:00:41.506000+00:00,"0.1.42"
iad-kalshi,"parquet/2026-07-06/14/orderbook_delta.parquet",38551111,2026-07-06T15:01:29.851000+00:00,"0.1.42"
iad-ci,"forgejo/cnpg/forgejo-postgres/base/20260706T150302/data.tar.gz",6345524,2026-07-06T15:03:39.002000+00:00,"0.1.42"
iad-kalshi,"raw/2026-07-06/15/ws.jsonl.gz",57630199,2026-07-06T16:00:48.250000+00:00,"0.1.42"
iad-kalshi,"parquet/2026-07-06/15/orderbook_delta.parquet",64016943,2026-07-06T16:02:04.485000+00:00,"0.1.42"
iad-ci,"forgejo/cnpg/forgejo-postgres/base/20260706T160302/data.tar.gz",6355878,2026-07-06T16:03:28.179000+00:00,"0.1.42"
iad-kalshi,"raw/2026-07-06/16/ws.jsonl.gz",50959346,2026-07-06T17:00:44.666000+00:00,"0.1.42"
iad-kalshi,"parquet/2026-07-06/16/orderbook_delta.parquet",53569613,2026-07-06T17:02:01.451000+00:00,"0.1.42"
iad-ci,"forgejo/cnpg/forgejo-postgres/base/20260706T170302/data.tar.gz",6367834,2026-07-06T17:03:28.591000+00:00,"0.1.42"
iad-kalshi,"raw/2026-07-06/17/ws.jsonl.gz",62976644,2026-07-06T18:00:52.172000+00:00,"0.1.42"
iad-kalshi,"parquet/2026-07-06/17/orderbook_delta.parquet",69057325,2026-07-06T18:02:15.755000+00:00,"0.1.42"
iad-ci,"forgejo/cnpg/forgejo-postgres/base/20260706T180304/data.tar.gz",6371322,2026-07-06T18:03:30.871000+00:00,"0.1.42"
iad-kalshi,"raw/2026-07-06/18/ws.jsonl.gz",51851267,2026-07-06T19:00:45.322000+00:00,"0.1.42"
iad-kalshi,"parquet/2026-07-06/18/orderbook_delta.parquet",54373916,2026-07-06T19:01:51.421000+00:00,"0.1.42"
iad-ci,"forgejo/cnpg/forgejo-postgres/base/20260706T190303/data.tar.gz",6375853,2026-07-06T19:03:33.876000+00:00,"0.1.42"
iad-kalshi,"raw/2026-07-06/19/ws.jsonl.gz",40121617,2026-07-06T20:00:42.119000+00:00,"0.1.42"
iad-kalshi,"parquet/2026-07-06/19/orderbook_delta.parquet",39961372,2026-07-06T20:01:29.582000+00:00,"0.1.42"
iad-ci,"forgejo/cnpg/forgejo-postgres/base/20260706T200302/data.tar.gz",6386395,2026-07-06T20:03:31.924000+00:00,"0.1.42"
iad-kalshi,"raw/2026-07-06/20/ws.jsonl.gz",40397670,2026-07-06T21:00:42.663000+00:00,"0.1.42"
iad-kalshi,"parquet/2026-07-06/20/orderbook_delta.parquet",38932046,2026-07-06T21:01:30.095000+00:00,"0.1.42"
iad-ci,"forgejo/cnpg/forgejo-postgres/base/20260706T210305/data.tar.gz",6392353,2026-07-06T21:03:32.715000+00:00,"0.1.42"
iad-kalshi,"raw/2026-07-06/21/ws.jsonl.gz",42328198,2026-07-06T22:00:42.738000+00:00,"0.1.42"
iad-kalshi,"parquet/2026-07-06/21/orderbook_delta.parquet",42462732,2026-07-06T22:01:33.253000+00:00,"0.1.42"
iad-ci,"forgejo/cnpg/forgejo-postgres/base/20260706T220304/data.tar.gz",6401949,2026-07-06T22:03:35.831000+00:00,"0.1.42"
iad-kalshi,"raw/2026-07-06/22/ws.jsonl.gz",27869983,2026-07-06T23:00:38.254000+00:00,"0.1.42"
iad-kalshi,"parquet/2026-07-06/22/orderbook_delta.parquet",25760377,2026-07-06T23:01:09.378000+00:00,"0.1.42"
iad-ci,"forgejo/cnpg/forgejo-postgres/base/20260706T230303/data.tar.gz",6412313,2026-07-06T23:03:30.956000+00:00,"0.1.42"
iad-kalshi,"raw/2026-07-06/23/ws.jsonl.gz",22300408,2026-07-07T00:00:37.698000+00:00,"0.1.42"
iad-kalshi,"parquet/2026-07-06/23/orderbook_delta.parquet",20869143,2026-07-07T00:01:10.759000+00:00,"0.1.42"
iad-ci,"forgejo/cnpg/forgejo-postgres/base/20260707T000302/data.tar.gz",6433802,2026-07-07T00:03:38.966000+00:00,"0.1.42"
iad-kalshi,"raw/2026-07-07/00/ws.jsonl.gz",22644162,2026-07-07T01:00:38.658000+00:00,"0.1.42"
iad-kalshi,"parquet/2026-07-07/00/orderbook_delta.parquet",21525653,2026-07-07T01:01:13.431000+00:00,"0.1.42"
iad-ci,"forgejo/cnpg/forgejo-postgres/base/20260707T010302/data.tar.gz",6438551,2026-07-07T01:03:33.123000+00:00,"0.1.42"
iad-kalshi,"raw/2026-07-07/01/ws.jsonl.gz",21384460,2026-07-07T02:00:38.029000+00:00,"0.1.42"
iad-kalshi,"parquet/2026-07-07/01/orderbook_delta.parquet",20876737,2026-07-07T02:01:06.288000+00:00,"0.1.42"
iad-ci,"forgejo/cnpg/forgejo-postgres/base/20260707T020316/data.tar.gz",6441785,2026-07-07T02:06:23.120000+00:00,"0.1.42"
iad-kalshi,"raw/2026-07-07/02/ws.jsonl.gz",22730035,2026-07-07T03:00:38.385000+00:00,"0.1.42"
iad-kalshi,"parquet/2026-07-07/02/orderbook_delta.parquet",22834757,2026-07-07T03:02:09.468000+00:00,"0.1.42"
iad-ci,"forgejo/cnpg/forgejo-postgres/base/20260707T030302/data.tar.gz",6442308,2026-07-07T03:03:29.248000+00:00,"0.1.42"
iad-kalshi,"raw/2026-07-07/03/ws.jsonl.gz",22160795,2026-07-07T04:00:39.239000+00:00,"0.1.42"
iad-kalshi,"parquet/2026-07-07/03/orderbook_delta.parquet",22837142,2026-07-07T04:01:16.154000+00:00,"0.1.42"
iad-ci,"forgejo/cnpg/forgejo-postgres/base/20260707T040302/data.tar.gz",6443431,2026-07-07T04:03:29.824000+00:00,"0.1.42"
iad-kalshi,"raw/2026-07-07/04/ws.jsonl.gz",23650478,2026-07-07T05:00:39.322000+00:00,"0.1.42"
iad-kalshi,"parquet/2026-07-07/04/orderbook_delta.parquet",24518796,2026-07-07T05:01:43.075000+00:00,"0.1.42"
iad-ci,"forgejo/cnpg/forgejo-postgres/base/20260707T050323/data.tar.gz",6445782,2026-07-07T05:06:20.151000+00:00,"0.1.42"
iad-kalshi,"raw/2026-07-07/05/ws.jsonl.gz",21907668,2026-07-07T06:00:07.820000+00:00,"0.1.42"
iad-kalshi,"parquet/2026-07-07/05/orderbook_delta.parquet",23885132,2026-07-07T06:00:38.203000+00:00,"0.1.42"
iad-ci,"forgejo/cnpg/forgejo-postgres/base/20260707T060302/data.tar.gz",6447907,2026-07-07T06:03:28.062000+00:00,"0.1.42"
iad-kalshi,"raw/2026-07-07/06/ws.jsonl.gz",19303014,2026-07-07T07:00:09.222000+00:00,"0.1.42"
iad-kalshi,"parquet/2026-07-07/06/orderbook_delta.parquet",21141868,2026-07-07T07:00:40.741000+00:00,"0.1.42"
iad-ci,"forgejo/cnpg/forgejo-postgres/base/20260707T070302/data.tar.gz",6452922,2026-07-07T07:03:29.179000+00:00,"0.1.42"
iad-kalshi,"raw/2026-07-07/07/ws.jsonl.gz",18568845,2026-07-07T08:00:07.376000+00:00,"0.1.42"
iad-kalshi,"parquet/2026-07-07/07/orderbook_delta.parquet",20555864,2026-07-07T08:00:35.486000+00:00,"0.1.42"
iad-ci,"forgejo/cnpg/forgejo-postgres/base/20260707T080302/data.tar.gz",6453664,2026-07-07T08:03:27.957000+00:00,"0.1.42"
iad-kalshi,"raw/2026-07-07/08/ws.jsonl.gz",15144484,2026-07-07T09:00:06.609000+00:00,"0.1.42"
iad-kalshi,"parquet/2026-07-07/08/orderbook_delta.parquet",16405383,2026-07-07T09:00:28.649000+00:00,"0.1.42"
iad-ci,"forgejo/cnpg/forgejo-postgres/base/20260707T090302/data.tar.gz",6454152,2026-07-07T09:03:29.268000+00:00,"0.1.42"
iad-kalshi,"raw/2026-07-07/09/ws.jsonl.gz",13719969,2026-07-07T10:01:05.864000+00:00,"0.1.42"
iad-kalshi,"parquet/2026-07-07/09/orderbook_delta.parquet",14850709,2026-07-07T10:01:25.201000+00:00,"0.1.42"
iad-ci,"forgejo/cnpg/forgejo-postgres/base/20260707T100302/data.tar.gz",6454026,2026-07-07T10:03:29.473000+00:00,"0.1.42"
iad-kalshi,"raw/2026-07-07/10/ws.jsonl.gz",12401735,2026-07-07T11:00:06.646000+00:00,"0.1.42"
iad-kalshi,"parquet/2026-07-07/10/orderbook_delta.parquet",12151114,2026-07-07T11:00:24.232000+00:00,"0.1.42"
iad-ci,"forgejo/cnpg/forgejo-postgres/base/20260707T110303/data.tar.gz",6455874,2026-07-07T11:03:30.869000+00:00,"0.1.42"
iad-kalshi,"raw/2026-07-07/11/ws.jsonl.gz",11242072,2026-07-07T12:00:05.054000+00:00,"0.1.42"
iad-kalshi,"parquet/2026-07-07/11/orderbook_delta.parquet",10447760,2026-07-07T12:00:22.099000+00:00,"0.1.42"
iad-ci,"forgejo/cnpg/forgejo-postgres/base/20260707T120302/data.tar.gz",6457238,2026-07-07T12:03:28.737000+00:00,"0.1.42"
iad-kalshi,"raw/2026-07-07/12/ws.jsonl.gz",11459262,2026-07-07T13:00:06.807000+00:00,"0.1.42"
iad-kalshi,"parquet/2026-07-07/12/orderbook_delta.parquet",11050624,2026-07-07T13:00:22.728000+00:00,"0.1.42"
iad-ci,"forgejo/cnpg/forgejo-postgres/base/20260707T130302/data.tar.gz",6456926,2026-07-07T13:03:26.902000+00:00,"0.1.42"
iad-kalshi,"raw/2026-07-07/13/ws.jsonl.gz",15632399,2026-07-07T14:00:07.596000+00:00,"0.1.42"
iad-kalshi,"parquet/2026-07-07/13/orderbook_delta.parquet",16516092,2026-07-07T14:00:30.293000+00:00,"0.1.42"
iad-ci,"forgejo/cnpg/forgejo-postgres/base/20260707T140302/data.tar.gz",6457119,2026-07-07T14:03:28.281000+00:00,"0.1.42"
iad-kalshi,"raw/2026-07-07/14/ws.jsonl.gz",33264624,2026-07-07T15:00:14.066000+00:00,"0.1.42"
iad-kalshi,"parquet/2026-07-07/14/orderbook_delta.parquet",32446839,2026-07-07T15:00:54.852000+00:00,"0.1.42"
iad-ci,"forgejo/cnpg/forgejo-postgres/base/20260707T150302/data.tar.gz",6457209,2026-07-07T15:03:30.092000+00:00,"0.1.42"
iad-kalshi,"raw/2026-07-07/15/ws.jsonl.gz",36146492,2026-07-07T16:00:12.935000+00:00,"0.1.42"
iad-kalshi,"parquet/2026-07-07/15/orderbook_delta.parquet",36610463,2026-07-07T16:00:57.926000+00:00,"0.1.42"
iad-ci,"forgejo/cnpg/forgejo-postgres/base/20260707T160302/data.tar.gz",6457011,2026-07-07T16:03:29.246000+00:00,"0.1.42"
iad-kalshi,"raw/2026-07-07/16/ws.jsonl.gz",31865557,2026-07-07T17:00:14.216000+00:00,"0.1.42"
iad-kalshi,"parquet/2026-07-07/16/orderbook_delta.parquet",32179171,2026-07-07T17:00:52.055000+00:00,"0.1.42"
iad-ci,"forgejo/cnpg/forgejo-postgres/base/20260707T170302/data.tar.gz",6460010,2026-07-07T17:03:27.966000+00:00,"0.1.42"
iad-kalshi,"raw/2026-07-07/17/ws.jsonl.gz",29980024,2026-07-07T18:00:12.409000+00:00,"0.1.42"
iad-kalshi,"parquet/2026-07-07/17/orderbook_delta.parquet",29061553,2026-07-07T18:02:03.374000+00:00,"0.1.42"
iad-ci,"forgejo/cnpg/forgejo-postgres/base/20260707T180302/data.tar.gz",6460148,2026-07-07T18:03:26.303000+00:00,"0.1.42"
iad-kalshi,"raw/2026-07-07/18/ws.jsonl.gz",55350681,2026-07-07T19:00:20.208000+00:00,"0.1.42"
iad-kalshi,"parquet/2026-07-07/18/orderbook_delta.parquet",59154727,2026-07-07T19:01:27.783000+00:00,"0.1.42"
iad-ci,"forgejo/cnpg/forgejo-postgres/base/20260707T190302/data.tar.gz",6460214,2026-07-07T19:03:25.940000+00:00,"0.1.42"
iad-kalshi,"raw/2026-07-07/19/ws.jsonl.gz",55218181,2026-07-07T20:00:19.820000+00:00,"0.1.42"
iad-kalshi,"parquet/2026-07-07/19/orderbook_delta.parquet",56476416,2026-07-07T20:01:26.304000+00:00,"0.1.42"
iad-ci,"forgejo/cnpg/forgejo-postgres/base/20260707T200312/data.tar.gz",6464361,2026-07-07T20:05:02.605000+00:00,"0.1.42"
iad-kalshi,"raw/2026-07-07/20/ws.jsonl.gz",58867843,2026-07-07T21:00:26.729000+00:00,"0.1.42"
iad-kalshi,"parquet/2026-07-07/20/orderbook_delta.parquet",62427120,2026-07-07T21:01:43.517000+00:00,"0.1.42"
iad-ci,"forgejo/cnpg/forgejo-postgres/base/20260707T210302/data.tar.gz",6464478,2026-07-07T21:03:27.103000+00:00,"0.1.42"
iad-kalshi,"raw/2026-07-07/21/ws.jsonl.gz",61379329,2026-07-07T22:00:23.162000+00:00,"0.1.42"
iad-kalshi,"parquet/2026-07-07/21/orderbook_delta.parquet",69155350,2026-07-07T22:01:47.565000+00:00,"0.1.42"
iad-ci,"forgejo/cnpg/forgejo-postgres/base/20260707T220302/data.tar.gz",6464518,2026-07-07T22:03:29.248000+00:00,"0.1.42"
iad-kalshi,"raw/2026-07-07/22/ws.jsonl.gz",36429724,2026-07-07T23:00:18.798000+00:00,"0.1.42"
iad-kalshi,"parquet/2026-07-07/22/orderbook_delta.parquet",39279331,2026-07-07T23:01:03.937000+00:00,"0.1.42"
iad-ci,"forgejo/cnpg/forgejo-postgres/base/20260707T230302/data.tar.gz",6465430,2026-07-07T23:03:27.165000+00:00,"0.1.42"
iad-kalshi,"raw/2026-07-07/23/ws.jsonl.gz",33883401,2026-07-08T00:00:15.882000+00:00,"0.1.42"
iad-kalshi,"parquet/2026-07-07/23/orderbook_delta.parquet",37411800,2026-07-08T00:01:01.087000+00:00,"0.1.42"
iad-ci,"forgejo/cnpg/forgejo-postgres/base/20260708T000302/data.tar.gz",6465647,2026-07-08T00:03:27.594000+00:00,"0.1.42"
iad-kalshi,"raw/2026-07-08/00/ws.jsonl.gz",30776759,2026-07-08T01:00:14.405000+00:00,"0.1.42"
iad-kalshi,"parquet/2026-07-08/00/orderbook_delta.parquet",34195933,2026-07-08T01:00:52.518000+00:00,"0.1.42"
iad-ci,"forgejo/cnpg/forgejo-postgres/base/20260708T010302/data.tar.gz",6466674,2026-07-08T01:03:28.732000+00:00,"0.1.42"
iad-kalshi,"raw/2026-07-08/01/ws.jsonl.gz",22044111,2026-07-08T02:00:11.887000+00:00,"0.1.42"
iad-kalshi,"parquet/2026-07-08/01/orderbook_delta.parquet",23451903,2026-07-08T02:00:42.579000+00:00,"0.1.42"
iad-ci,"forgejo/cnpg/forgejo-postgres/base/20260708T020302/data.tar.gz",6467162,2026-07-08T02:03:28.658000+00:00,"0.1.42"
iad-kalshi,"raw/2026-07-08/02/ws.jsonl.gz",19478507,2026-07-08T03:00:10.400000+00:00,"0.1.42"
iad-kalshi,"parquet/2026-07-08/02/orderbook_delta.parquet",20278172,2026-07-08T03:00:42.421000+00:00,"0.1.42"
iad-ci,"forgejo/cnpg/forgejo-postgres/base/20260708T030302/data.tar.gz",6467243,2026-07-08T03:03:24.803000+00:00,"0.1.42"
iad-kalshi,"raw/2026-07-08/03/ws.jsonl.gz",18186911,2026-07-08T04:00:13.169000+00:00,"0.1.42"
iad-kalshi,"parquet/2026-07-08/03/orderbook_delta.parquet",18518104,2026-07-08T04:00:39.190000+00:00,"0.1.42"
iad-ci,"forgejo/cnpg/forgejo-postgres/base/20260708T040302/data.tar.gz",6467326,2026-07-08T04:03:29.825000+00:00,"0.1.42"
iad-kalshi,"raw/2026-07-08/04/ws.jsonl.gz",18982300,2026-07-08T05:00:10.150000+00:00,"0.1.42"
iad-kalshi,"parquet/2026-07-08/04/orderbook_delta.parquet",19746574,2026-07-08T05:00:36.441000+00:00,"0.1.42"
iad-ci,"forgejo/cnpg/forgejo-postgres/base/20260708T050302/data.tar.gz",6466938,2026-07-08T05:03:27.760000+00:00,"0.1.42"
iad-kalshi,"raw/2026-07-08/05/ws.jsonl.gz",13863405,2026-07-08T06:00:09.920000+00:00,"0.1.42"
iad-kalshi,"parquet/2026-07-08/05/orderbook_delta.parquet",14077570,2026-07-08T06:00:29.780000+00:00,"0.1.42"
iad-ci,"forgejo/cnpg/forgejo-postgres/base/20260708T060302/data.tar.gz",6469450,2026-07-08T06:03:28.604000+00:00,"0.1.42"
iad-kalshi,"raw/2026-07-08/06/ws.jsonl.gz",13175546,2026-07-08T07:00:09.007000+00:00,"0.1.42"
iad-kalshi,"parquet/2026-07-08/06/orderbook_delta.parquet",13535176,2026-07-08T07:00:37.314000+00:00,"0.1.42"
iad-ci,"forgejo/cnpg/forgejo-postgres/base/20260708T070302/data.tar.gz",6469595,2026-07-08T07:03:28.652000+00:00,"0.1.42"
iad-kalshi,"raw/2026-07-08/07/ws.jsonl.gz",12036305,2026-07-08T08:00:10.687000+00:00,"0.1.42"
iad-kalshi,"parquet/2026-07-08/07/orderbook_delta.parquet",12286020,2026-07-08T08:00:30.249000+00:00,"0.1.42"
iad-ci,"forgejo/cnpg/forgejo-postgres/base/20260708T080302/data.tar.gz",6469691,2026-07-08T08:03:27.595000+00:00,"0.1.42"
iad-kalshi,"raw/2026-07-08/08/ws.jsonl.gz",9128840,2026-07-08T09:00:09.670000+00:00,"0.1.42"
iad-kalshi,"parquet/2026-07-08/08/orderbook_delta.parquet",9052026,2026-07-08T09:00:24.508000+00:00,"0.1.42"
iad-ci,"forgejo/cnpg/forgejo-postgres/base/20260708T090302/data.tar.gz",6469361,2026-07-08T09:03:29.851000+00:00,"0.1.42"
iad-kalshi,"raw/2026-07-08/09/ws.jsonl.gz",8644824,2026-07-08T10:00:09.472000+00:00,"0.1.42"
iad-kalshi,"parquet/2026-07-08/09/orderbook_delta.parquet",8334781,2026-07-08T10:00:22.683000+00:00,"0.1.42"
iad-ci,"forgejo/cnpg/forgejo-postgres/base/20260708T100302/data.tar.gz",6469510,2026-07-08T10:03:29.294000+00:00,"0.1.42"
iad-kalshi,"raw/2026-07-08/10/ws.jsonl.gz",8904275,2026-07-08T11:00:10.451000+00:00,"0.1.42"
iad-kalshi,"parquet/2026-07-08/10/orderbook_delta.parquet",8731253,2026-07-08T11:00:25.428000+00:00,"0.1.42"
iad-ci,"forgejo/cnpg/forgejo-postgres/base/20260708T110302/data.tar.gz",6469622,2026-07-08T11:03:28.718000+00:00,"0.1.42"
iad-kalshi,"raw/2026-07-08/11/ws.jsonl.gz",13037209,2026-07-08T12:00:09.814000+00:00,"0.1.42"
iad-kalshi,"parquet/2026-07-08/11/orderbook_delta.parquet",12964329,2026-07-08T12:00:27.959000+00:00,"0.1.42"
iad-ci,"forgejo/cnpg/forgejo-postgres/base/20260708T120302/data.tar.gz",6470997,2026-07-08T12:03:29.255000+00:00,"0.1.42"
iad-kalshi,"raw/2026-07-08/12/ws.jsonl.gz",15140164,2026-07-08T13:00:11.135000+00:00,"0.1.42"
iad-kalshi,"parquet/2026-07-08/12/orderbook_delta.parquet",16131499,2026-07-08T13:00:32.597000+00:00,"0.1.42"
iad-ci,"forgejo/cnpg/forgejo-postgres/base/20260708T130302/data.tar.gz",6473016,2026-07-08T13:03:28.441000+00:00,"0.1.42"
iad-kalshi,"raw/2026-07-08/13/ws.jsonl.gz",14438651,2026-07-08T14:00:12.092000+00:00,"0.1.42"
iad-kalshi,"parquet/2026-07-08/13/orderbook_delta.parquet",15075106,2026-07-08T14:00:31.487000+00:00,"0.1.42"
iad-ci,"forgejo/cnpg/forgejo-postgres/base/20260708T140302/data.tar.gz",6473003,2026-07-08T14:03:27.376000+00:00,"0.1.42"
iad-kalshi,"raw/2026-07-08/14/ws.jsonl.gz",41088945,2026-07-08T15:00:22.653000+00:00,"0.1.42"
iad-kalshi,"parquet/2026-07-08/14/orderbook_delta.parquet",38518425,2026-07-08T15:01:11.562000+00:00,"0.1.42"
iad-ci,"forgejo/cnpg/forgejo-postgres/base/20260708T150302/data.tar.gz",6472846,2026-07-08T15:03:33.421000+00:00,"0.1.42"
iad-kalshi,"raw/2026-07-08/15/ws.jsonl.gz",50823581,2026-07-08T16:00:24.238000+00:00,"0.1.42"
iad-kalshi,"parquet/2026-07-08/15/orderbook_delta.parquet",54452995,2026-07-08T16:01:29.849000+00:00,"0.1.42"
iad-ci,"forgejo/cnpg/forgejo-postgres/base/20260708T160303/data.tar.gz",6472351,2026-07-08T16:03:29.261000+00:00,"0.1.42"
iad-kalshi,"raw/2026-07-08/16/ws.jsonl.gz",39806189,2026-07-08T17:00:21.575000+00:00,"0.1.42"
iad-kalshi,"parquet/2026-07-08/16/orderbook_delta.parquet",43508301,2026-07-08T17:01:12.630000+00:00,"0.1.42"
iad-ci,"forgejo/cnpg/forgejo-postgres/base/20260708T170302/data.tar.gz",6472668,2026-07-08T17:03:26.718000+00:00,"0.1.42"
iad-kalshi,"raw/2026-07-08/17/ws.jsonl.gz",47187555,2026-07-08T18:00:24.259000+00:00,"0.1.42"
iad-kalshi,"parquet/2026-07-08/17/orderbook_delta.parquet",51803782,2026-07-08T18:01:25.859000+00:00,"0.1.42"
iad-ci,"forgejo/cnpg/forgejo-postgres/base/20260708T180314/data.tar.gz",6474431,2026-07-08T18:04:28.797000+00:00,"0.1.42"
iad-kalshi,"raw/2026-07-08/18/ws.jsonl.gz",51101877,2026-07-08T19:00:25.057000+00:00,"0.1.42"
iad-kalshi,"parquet/2026-07-08/18/orderbook_delta.parquet",56459320,2026-07-08T19:01:35.053000+00:00,"0.1.42"
iad-ci,"forgejo/cnpg/forgejo-postgres/base/20260708T190302/data.tar.gz",6475197,2026-07-08T19:03:28.003000+00:00,"0.1.42"
iad-kalshi,"raw/2026-07-08/19/ws.jsonl.gz",54861746,2026-07-08T20:00:24.012000+00:00,"0.1.42"
iad-kalshi,"parquet/2026-07-08/19/orderbook_delta.parquet",61242050,2026-07-08T20:01:39.355000+00:00,"0.1.42"
iad-ci,"forgejo/cnpg/forgejo-postgres/base/20260708T200302/data.tar.gz",6475769,2026-07-08T20:03:27.633000+00:00,"0.1.42"
iad-kalshi,"raw/2026-07-08/20/ws.jsonl.gz",52641035,2026-07-08T21:00:24.017000+00:00,"0.1.42"
iad-kalshi,"parquet/2026-07-08/20/orderbook_delta.parquet",60225990,2026-07-08T21:01:33.772000+00:00,"0.1.42"
iad-ci,"forgejo/cnpg/forgejo-postgres/base/20260708T210302/data.tar.gz",6475769,2026-07-08T21:03:30.162000+00:00,"0.1.42"
iad-kalshi,"raw/2026-07-08/21/ws.jsonl.gz",47803220,2026-07-08T22:00:23.209000+00:00,"0.1.42"
iad-kalshi,"parquet/2026-07-08/21/orderbook_delta.parquet",56240984,2026-07-08T22:01:27.627000+00:00,"0.1.42"
iad-ci,"forgejo/cnpg/forgejo-postgres/base/20260708T220302/data.tar.gz",6476018,2026-07-08T22:03:28.701000+00:00,"0.1.42"
iad-kalshi,"raw/2026-07-08/22/ws.jsonl.gz",40201757,2026-07-08T23:00:20.396000+00:00,"0.1.42"
iad-kalshi,"parquet/2026-07-08/22/orderbook_delta.parquet",46739235,2026-07-08T23:01:12.265000+00:00,"0.1.42"
iad-ci,"forgejo/cnpg/forgejo-postgres/base/20260708T230302/data.tar.gz",6478706,2026-07-08T23:03:27.330000+00:00,"0.1.42"
iad-kalshi,"raw/2026-07-08/23/ws.jsonl.gz",28789603,2026-07-09T00:00:16.800000+00:00,"0.1.42"
iad-kalshi,"parquet/2026-07-08/23/orderbook_delta.parquet",32652276,2026-07-09T00:00:56.445000+00:00,"0.1.42"
iad-ci,"forgejo/cnpg/forgejo-postgres/base/20260709T000302/data.tar.gz",6478901,2026-07-09T00:03:28.754000+00:00,"0.1.42"
iad-kalshi,"raw/2026-07-09/00/ws.jsonl.gz",23629141,2026-07-09T01:00:16.985000+00:00,"0.1.42"
iad-kalshi,"parquet/2026-07-09/00/orderbook_delta.parquet",26690627,2026-07-09T01:00:47.766000+00:00,"0.1.42"
iad-ci,"forgejo/cnpg/forgejo-postgres/base/20260709T010302/data.tar.gz",6481743,2026-07-09T01:03:26.520000+00:00,"0.1.42"
iad-kalshi,"raw/2026-07-09/01/ws.jsonl.gz",19098253,2026-07-09T02:00:15.209000+00:00,"0.1.42"
iad-kalshi,"parquet/2026-07-09/01/orderbook_delta.parquet",20441820,2026-07-09T02:00:43.314000+00:00,"0.1.42"
iad-ci,"forgejo/cnpg/forgejo-postgres/base/20260709T020302/data.tar.gz",6481848,2026-07-09T02:03:28.400000+00:00,"0.1.42"
iad-kalshi,"raw/2026-07-09/02/ws.jsonl.gz",22477081,2026-07-09T03:00:15.766000+00:00,"0.1.42"
iad-kalshi,"parquet/2026-07-09/02/orderbook_delta.parquet",23708538,2026-07-09T03:00:44.986000+00:00,"0.1.42"
iad-ci,"forgejo/cnpg/forgejo-postgres/base/20260709T030302/data.tar.gz",6481341,2026-07-09T03:03:27.847000+00:00,"0.1.42"
iad-kalshi,"raw/2026-07-09/03/ws.jsonl.gz",18737219,2026-07-09T04:00:14.827000+00:00,"0.1.42"
iad-kalshi,"parquet/2026-07-09/03/orderbook_delta.parquet",19833840,2026-07-09T04:00:54.214000+00:00,"0.1.42"
iad-ci,"forgejo/cnpg/forgejo-postgres/base/20260709T040303/data.tar.gz",6493583,2026-07-09T04:03:38.020000+00:00,"0.1.42"
iad-kalshi,"raw/2026-07-09/04/ws.jsonl.gz",21262610,2026-07-09T05:00:16.536000+00:00,"0.1.42"
iad-kalshi,"parquet/2026-07-09/04/orderbook_delta.parquet",23468455,2026-07-09T05:00:45.364000+00:00,"0.1.42"
iad-ci,"forgejo/cnpg/forgejo-postgres/base/20260709T050307/data.tar.gz",6495145,2026-07-09T05:04:02.341000+00:00,"0.1.42"
iad-kalshi,"raw/2026-07-09/05/ws.jsonl.gz",21260548,2026-07-09T06:00:15.314000+00:00,"0.1.42"
iad-kalshi,"parquet/2026-07-09/05/orderbook_delta.parquet",22774540,2026-07-09T06:00:42.401000+00:00,"0.1.42"
iad-ci,"forgejo/cnpg/forgejo-postgres/base/20260709T060302/data.tar.gz",6495139,2026-07-09T06:03:48.728000+00:00,"0.1.42"
iad-kalshi,"raw/2026-07-09/06/ws.jsonl.gz",15765698,2026-07-09T07:00:14.375000+00:00,"0.1.42"
iad-kalshi,"parquet/2026-07-09/06/orderbook_delta.parquet",16771280,2026-07-09T07:01:03.565000+00:00,"0.1.42"
iad-ci,"forgejo/cnpg/forgejo-postgres/base/20260709T070302/data.tar.gz",6495180,2026-07-09T07:03:41.661000+00:00,"0.1.42"
iad-ci,"forgejo/cnpg/forgejo-postgres/base/20260709T080302/data.tar.gz",6495290,2026-07-09T08:03:30.961000+00:00,"0.1.42"
iad-ci,"forgejo/cnpg/forgejo-postgres/base/20260709T090303/data.tar.gz",6495163,2026-07-09T09:03:37.615000+00:00,"0.1.42"
iad-kalshi,"raw/2026-07-09/09/ws.jsonl.gz",6637877,2026-07-09T10:00:12.448000+00:00,"0.1.42"
iad-kalshi,"parquet/2026-07-09/09/orderbook_delta.parquet",5736490,2026-07-09T10:00:23.984000+00:00,"0.1.42"
iad-ci,"forgejo/cnpg/forgejo-postgres/base/20260709T100304/data.tar.gz",6495547,2026-07-09T10:04:00.509000+00:00,"0.1.42"
iad-kalshi,"raw/2026-07-09/10/ws.jsonl.gz",7168253,2026-07-09T11:00:12.313000+00:00,"0.1.42"
iad-kalshi,"parquet/2026-07-09/10/orderbook_delta.parquet",6228089,2026-07-09T11:00:24.977000+00:00,"0.1.42"
iad-ci,"forgejo/cnpg/forgejo-postgres/base/20260709T110303/data.tar.gz",6496945,2026-07-09T11:03:44.076000+00:00,"0.1.42"
iad-kalshi,"raw/2026-07-09/11/ws.jsonl.gz",8911277,2026-07-09T12:00:21.767000+00:00,"0.1.42"
iad-kalshi,"parquet/2026-07-09/11/orderbook_delta.parquet",7939581,2026-07-09T12:00:35.369000+00:00,"0.1.42"
iad-ci,"forgejo/cnpg/forgejo-postgres/base/20260709T120304/data.tar.gz",6497173,2026-07-09T12:03:51.163000+00:00,"0.1.42"
iad-kalshi,"raw/2026-07-09/12/ws.jsonl.gz",10760452,2026-07-09T13:00:15.211000+00:00,"0.1.42"
iad-kalshi,"parquet/2026-07-09/12/orderbook_delta.parquet",9813797,2026-07-09T13:00:29.745000+00:00,"0.1.42"
iad-ci,"forgejo/cnpg/forgejo-postgres/base/20260709T130303/data.tar.gz",6498595,2026-07-09T13:03:50.032000+00:00,"0.1.42"
iad-kalshi,"raw/2026-07-09/13/ws.jsonl.gz",11846065,2026-07-09T14:00:14.248000+00:00,"0.1.42"
iad-kalshi,"parquet/2026-07-09/13/orderbook_delta.parquet",11434990,2026-07-09T14:00:30.883000+00:00,"0.1.42"
iad-ci,"forgejo/cnpg/forgejo-postgres/base/20260709T140304/data.tar.gz",6500786,2026-07-09T14:03:50.733000+00:00,"0.1.42"
iad-kalshi,"raw/2026-07-09/14/ws.jsonl.gz",24275192,2026-07-09T15:00:17.560000+00:00,"0.1.42"
iad-kalshi,"parquet/2026-07-09/14/orderbook_delta.parquet",23521558,2026-07-09T15:00:46.417000+00:00,"0.1.42"
iad-ci,"forgejo/cnpg/forgejo-postgres/base/20260709T150302/data.tar.gz",6500638,2026-07-09T15:03:29.757000+00:00,"0.1.42"
iad-kalshi,"raw/2026-07-09/15/ws.jsonl.gz",35117044,2026-07-09T16:00:20.622000+00:00,"0.1.42"
iad-kalshi,"parquet/2026-07-09/15/orderbook_delta.parquet",37966945,2026-07-09T16:01:06.935000+00:00,"0.1.42"
iad-ci,"forgejo/cnpg/forgejo-postgres/base/20260709T160305/data.tar.gz",6549877,2026-07-09T16:03:55.481000+00:00,"0.1.42"
iad-kalshi,"raw/2026-07-09/16/ws.jsonl.gz",40245783,2026-07-09T17:00:21.896000+00:00,"0.1.42"
iad-kalshi,"parquet/2026-07-09/16/orderbook_delta.parquet",42813693,2026-07-09T17:01:11.826000+00:00,"0.1.42"
iad-ci,"forgejo/cnpg/forgejo-postgres/base/20260709T170302/data.tar.gz",6550039,2026-07-09T17:03:30.632000+00:00,"0.1.42"
iad-kalshi,"raw/2026-07-09/17/ws.jsonl.gz",39892669,2026-07-09T18:00:22.928000+00:00,"0.1.42"
iad-kalshi,"parquet/2026-07-09/17/orderbook_delta.parquet",41512254,2026-07-09T18:01:12.044000+00:00,"0.1.42"
iad-ci,"forgejo/cnpg/forgejo-postgres/base/20260709T180302/data.tar.gz",6549965,2026-07-09T18:03:27.838000+00:00,"0.1.42"
iad-kalshi,"raw/2026-07-09/18/ws.jsonl.gz",43758723,2026-07-09T19:00:24.827000+00:00,"0.1.42"
iad-kalshi,"parquet/2026-07-09/18/orderbook_delta.parquet",47180591,2026-07-09T19:01:21.746000+00:00,"0.1.42"
iad-ci,"forgejo/cnpg/forgejo-postgres/base/20260709T190302/data.tar.gz",6549937,2026-07-09T19:03:29.359000+00:00,"0.1.42"
iad-kalshi,"raw/2026-07-09/19/ws.jsonl.gz",43190264,2026-07-09T20:00:24.508000+00:00,"0.1.42"
iad-kalshi,"parquet/2026-07-09/19/orderbook_delta.parquet",45870123,2026-07-09T20:01:19.525000+00:00,"0.1.42"
iad-ci,"forgejo/cnpg/forgejo-postgres/base/20260709T200302/data.tar.gz",6549978,2026-07-09T20:03:28.294000+00:00,"0.1.42"
iad-kalshi,"raw/2026-07-09/20/ws.jsonl.gz",37767676,2026-07-09T21:00:25.860000+00:00,"0.1.42"
iad-kalshi,"parquet/2026-07-09/20/orderbook_delta.parquet",41045738,2026-07-09T21:01:17.152000+00:00,"0.1.42"
iad-ci,"forgejo/cnpg/forgejo-postgres/base/20260709T210302/data.tar.gz",6550182,2026-07-09T21:03:30.335000+00:00,"0.1.42"
iad-kalshi,"raw/2026-07-09/21/ws.jsonl.gz",31111392,2026-07-09T22:00:21.580000+00:00,"0.1.42"
iad-kalshi,"parquet/2026-07-09/21/orderbook_delta.parquet",35130565,2026-07-09T22:01:03.465000+00:00,"0.1.42"
iad-ci,"forgejo/cnpg/forgejo-postgres/base/20260709T220303/data.tar.gz",6550009,2026-07-09T22:03:29.737000+00:00,"0.1.42"
iad-kalshi,"raw/2026-07-09/22/ws.jsonl.gz",34849356,2026-07-09T23:00:23.168000+00:00,"0.1.42"
iad-kalshi,"parquet/2026-07-09/22/orderbook_delta.parquet",40133226,2026-07-09T23:01:07.969000+00:00,"0.1.42"
iad-ci,"forgejo/cnpg/forgejo-postgres/base/20260709T230302/data.tar.gz",6550023,2026-07-09T23:03:28.894000+00:00,"0.1.42"
iad-kalshi,"raw/2026-07-09/23/ws.jsonl.gz",21199528,2026-07-10T00:00:18.891000+00:00,"0.1.42"
iad-kalshi,"parquet/2026-07-09/23/orderbook_delta.parquet",23467927,2026-07-10T00:00:49.663000+00:00,"0.1.42"
iad-ci,"forgejo/cnpg/forgejo-postgres/base/20260710T000302/data.tar.gz",6544284,2026-07-10T00:03:37.695000+00:00,"0.1.42"
iad-kalshi,"raw/2026-07-10/00/ws.jsonl.gz",21540037,2026-07-10T01:00:20.884000+00:00,"0.1.42"
iad-kalshi,"parquet/2026-07-10/00/orderbook_delta.parquet",24479523,2026-07-10T01:00:49.932000+00:00,"0.1.42"
iad-ci,"forgejo/cnpg/forgejo-postgres/base/20260710T010302/data.tar.gz",6543425,2026-07-10T01:03:29.075000+00:00,"0.1.42"
iad-kalshi,"raw/2026-07-10/01/ws.jsonl.gz",14207969,2026-07-10T02:00:19.093000+00:00,"0.1.42"
iad-kalshi,"parquet/2026-07-10/01/orderbook_delta.parquet",14808989,2026-07-10T02:00:41.348000+00:00,"0.1.42"
iad-ci,"forgejo/cnpg/forgejo-postgres/base/20260710T020302/data.tar.gz",6543350,2026-07-10T02:03:28.550000+00:00,"0.1.42"
iad-kalshi,"raw/2026-07-10/02/ws.jsonl.gz",17134316,2026-07-10T03:00:18.425000+00:00,"0.1.42"
iad-kalshi,"parquet/2026-07-10/02/orderbook_delta.parquet",18256415,2026-07-10T03:00:41.524000+00:00,"0.1.42"
iad-ci,"forgejo/cnpg/forgejo-postgres/base/20260710T030302/data.tar.gz",6543222,2026-07-10T03:03:29.938000+00:00,"0.1.42"
iad-kalshi,"raw/2026-07-10/03/ws.jsonl.gz",15282829,2026-07-10T04:00:17.872000+00:00,"0.1.42"
iad-kalshi,"parquet/2026-07-10/03/orderbook_delta.parquet",15706556,2026-07-10T04:00:42.615000+00:00,"0.1.42"
iad-ci,"forgejo/cnpg/forgejo-postgres/base/20260710T040302/data.tar.gz",6543411,2026-07-10T04:03:28.212000+00:00,"0.1.42"
iad-kalshi,"raw/2026-07-10/04/ws.jsonl.gz",18175240,2026-07-10T05:00:20.113000+00:00,"0.1.42"
iad-kalshi,"parquet/2026-07-10/04/orderbook_delta.parquet",19825260,2026-07-10T05:00:48.271000+00:00,"0.1.42"
iad-ci,"forgejo/cnpg/forgejo-postgres/base/20260710T050302/data.tar.gz",6543709,2026-07-10T05:03:28.417000+00:00,"0.1.42"
iad-kalshi,"raw/2026-07-10/05/ws.jsonl.gz",20334963,2026-07-10T06:00:21.834000+00:00,"0.1.42"
iad-kalshi,"parquet/2026-07-10/05/orderbook_delta.parquet",22866045,2026-07-10T06:00:50.362000+00:00,"0.1.42"
iad-ci,"forgejo/cnpg/forgejo-postgres/base/20260710T060302/data.tar.gz",6543629,2026-07-10T06:03:25.756000+00:00,"0.1.42"
iad-kalshi,"raw/2026-07-10/06/ws.jsonl.gz",17291453,2026-07-10T07:00:19.827000+00:00,"0.1.42"
iad-kalshi,"parquet/2026-07-10/06/orderbook_delta.parquet",19256544,2026-07-10T07:00:45.691000+00:00,"0.1.42"
iad-ci,"forgejo/cnpg/forgejo-postgres/base/20260710T070302/data.tar.gz",6543469,2026-07-10T07:03:25.687000+00:00,"0.1.42"
iad-kalshi,"raw/2026-07-10/07/ws.jsonl.gz",14365128,2026-07-10T08:00:19.758000+00:00,"0.1.42"
iad-kalshi,"parquet/2026-07-10/07/orderbook_delta.parquet",14785111,2026-07-10T08:00:49.784000+00:00,"0.1.42"
iad-ci,"forgejo/cnpg/forgejo-postgres/base/20260710T080302/data.tar.gz",6543568,2026-07-10T08:03:28.114000+00:00,"0.1.42"
iad-kalshi,"raw/2026-07-10/08/ws.jsonl.gz",13224701,2026-07-10T09:00:20.055000+00:00,"0.1.42"
iad-kalshi,"parquet/2026-07-10/08/orderbook_delta.parquet",13735567,2026-07-10T09:00:38.720000+00:00,"0.1.42"
iad-ci,"forgejo/cnpg/forgejo-postgres/base/20260710T090302/data.tar.gz",6543421,2026-07-10T09:03:26.639000+00:00,"0.1.42"
iad-kalshi,"raw/2026-07-10/09/ws.jsonl.gz",13770163,2026-07-10T10:00:19.852000+00:00,"0.1.42"
iad-kalshi,"parquet/2026-07-10/09/orderbook_delta.parquet",13547892,2026-07-10T10:00:40.025000+00:00,"0.1.42"
iad-ci,"forgejo/cnpg/forgejo-postgres/base/20260710T100302/data.tar.gz",6543266,2026-07-10T10:03:28.232000+00:00,"0.1.42"
iad-kalshi,"raw/2026-07-10/10/ws.jsonl.gz",12852477,2026-07-10T11:00:19.316000+00:00,"0.1.42"
iad-kalshi,"parquet/2026-07-10/10/orderbook_delta.parquet",12343466,2026-07-10T11:00:37.321000+00:00,"0.1.42"
iad-ci,"forgejo/cnpg/forgejo-postgres/base/20260710T110302/data.tar.gz",6543533,2026-07-10T11:03:30.037000+00:00,"0.1.42"
iad-kalshi,"raw/2026-07-10/11/ws.jsonl.gz",13564428,2026-07-10T12:00:20.278000+00:00,"0.1.42"
iad-kalshi,"parquet/2026-07-10/11/orderbook_delta.parquet",13176686,2026-07-10T12:00:38.157000+00:00,"0.1.42"
iad-ci,"forgejo/cnpg/forgejo-postgres/base/20260710T120302/data.tar.gz",6543887,2026-07-10T12:03:30.284000+00:00,"0.1.42"
iad-kalshi,"raw/2026-07-10/12/ws.jsonl.gz",14361499,2026-07-10T13:00:19.665000+00:00,"0.1.42"
iad-kalshi,"parquet/2026-07-10/12/orderbook_delta.parquet",13376671,2026-07-10T13:00:38.170000+00:00,"0.1.42"
iad-ci,"forgejo/cnpg/forgejo-postgres/base/20260710T130304/data.tar.gz",6543840,2026-07-10T13:03:27.931000+00:00,"0.1.42"
iad-kalshi,"raw/2026-07-10/13/ws.jsonl.gz",12962820,2026-07-10T14:00:19.869000+00:00,"0.1.42"
iad-kalshi,"parquet/2026-07-10/13/orderbook_delta.parquet",11515355,2026-07-10T14:00:35.794000+00:00,"0.1.42"
iad-ci,"forgejo/cnpg/forgejo-postgres/base/20260710T140302/data.tar.gz",6543986,2026-07-10T14:03:29.025000+00:00,"0.1.42"
iad-kalshi,"raw/2026-07-10/14/ws.jsonl.gz",39826357,2026-07-10T15:00:27.485000+00:00,"0.1.42"
iad-kalshi,"parquet/2026-07-10/14/orderbook_delta.parquet",42369386,2026-07-10T15:01:18.095000+00:00,"0.1.42"
iad-ci,"forgejo/cnpg/forgejo-postgres/base/20260710T150302/data.tar.gz",6543890,2026-07-10T15:03:31.231000+00:00,"0.1.42"
iad-kalshi,"raw/2026-07-10/15/ws.jsonl.gz",39508968,2026-07-10T16:00:28.511000+00:00,"0.1.42"
iad-kalshi,"parquet/2026-07-10/15/orderbook_delta.parquet",45101547,2026-07-10T16:01:21.614000+00:00,"0.1.42"
iad-ci,"forgejo/cnpg/forgejo-postgres/base/20260710T160302/data.tar.gz",6544134,2026-07-10T16:03:27.438000+00:00,"0.1.42"
iad-kalshi,"raw/2026-07-10/16/ws.jsonl.gz",40832717,2026-07-10T17:00:29.289000+00:00,"0.1.42"
iad-kalshi,"parquet/2026-07-10/16/orderbook_delta.parquet",47069212,2026-07-10T17:01:25.655000+00:00,"0.1.42"
iad-ci,"forgejo/cnpg/forgejo-postgres/base/20260710T170305/data.tar.gz",6544406,2026-07-10T17:03:29.068000+00:00,"0.1.42"
iad-kalshi,"raw/2026-07-10/17/ws.jsonl.gz",39981120,2026-07-10T18:00:29.477000+00:00,"0.1.42"
iad-kalshi,"parquet/2026-07-10/17/orderbook_delta.parquet",45391464,2026-07-10T18:01:24.340000+00:00,"0.1.42"
iad-ci,"forgejo/cnpg/forgejo-postgres/base/20260710T180303/data.tar.gz",6544141,2026-07-10T18:03:28.848000+00:00,"0.1.42"
iad-kalshi,"raw/2026-07-10/18/ws.jsonl.gz",53075463,2026-07-10T19:00:38.630000+00:00,"0.1.42"
iad-kalshi,"parquet/2026-07-10/18/orderbook_delta.parquet",60607033,2026-07-10T19:01:49.632000+00:00,"0.1.42"
iad-ci,"forgejo/cnpg/forgejo-postgres/base/20260710T190302/data.tar.gz",6550791,2026-07-10T19:03:32.357000+00:00,"0.1.42"
iad-kalshi,"raw/2026-07-10/19/ws.jsonl.gz",44639045,2026-07-10T20:00:32.448000+00:00,"0.1.42"
iad-kalshi,"parquet/2026-07-10/19/orderbook_delta.parquet",49080607,2026-07-10T20:01:30.308000+00:00,"0.1.42"
iad-ci,"forgejo/cnpg/forgejo-postgres/base/20260710T200303/data.tar.gz",6551697,2026-07-10T20:03:34.063000+00:00,"0.1.42"
iad-kalshi,"raw/2026-07-10/20/ws.jsonl.gz",43059200,2026-07-10T21:00:39.226000+00:00,"0.1.42"
iad-kalshi,"parquet/2026-07-10/20/orderbook_delta.parquet",48039863,2026-07-10T21:01:38.751000+00:00,"0.1.42"
iad-ci,"forgejo/cnpg/forgejo-postgres/base/20260710T210302/data.tar.gz",6552832,2026-07-10T21:03:28.774000+00:00,"0.1.42"
iad-kalshi,"raw/2026-07-10/21/ws.jsonl.gz",49958132,2026-07-10T22:00:35.992000+00:00,"0.1.42"
iad-kalshi,"parquet/2026-07-10/21/orderbook_delta.parquet",57533341,2026-07-10T22:01:42.258000+00:00,"0.1.42"
iad-ci,"forgejo/cnpg/forgejo-postgres/base/20260710T220302/data.tar.gz",6553908,2026-07-10T22:03:28.500000+00:00,"0.1.42"
iad-kalshi,"raw/2026-07-10/22/ws.jsonl.gz",39435525,2026-07-10T23:00:31.647000+00:00,"0.1.42"
iad-kalshi,"parquet/2026-07-10/22/orderbook_delta.parquet",44452578,2026-07-10T23:01:24.832000+00:00,"0.1.42"
iad-ci,"forgejo/cnpg/forgejo-postgres/base/20260710T230302/data.tar.gz",6554268,2026-07-10T23:03:29.573000+00:00,"0.1.42"
iad-kalshi,"raw/2026-07-10/23/ws.jsonl.gz",27407422,2026-07-11T00:00:30.510000+00:00,"0.1.42"
iad-kalshi,"parquet/2026-07-10/23/orderbook_delta.parquet",30859172,2026-07-11T00:01:06.862000+00:00,"0.1.42"
iad-ci,"forgejo/cnpg/forgejo-postgres/base/20260711T000302/data.tar.gz",6555579,2026-07-11T00:03:32.396000+00:00,"0.1.42"
iad-kalshi,"raw/2026-07-11/00/ws.jsonl.gz",27414928,2026-07-11T01:00:29.405000+00:00,"0.1.42"
iad-kalshi,"parquet/2026-07-11/00/orderbook_delta.parquet",30903094,2026-07-11T01:01:06.736000+00:00,"0.1.42"
iad-ci,"forgejo/cnpg/forgejo-postgres/base/20260711T010302/data.tar.gz",6554942,2026-07-11T01:03:26.117000+00:00,"0.1.42"
iad-kalshi,"raw/2026-07-11/01/ws.jsonl.gz",14897440,2026-07-11T02:00:25.368000+00:00,"0.1.42"
iad-kalshi,"parquet/2026-07-11/01/orderbook_delta.parquet",15393265,2026-07-11T02:00:47.583000+00:00,"0.1.42"
iad-ci,"forgejo/cnpg/forgejo-postgres/base/20260711T020302/data.tar.gz",6554600,2026-07-11T02:03:30.330000+00:00,"0.1.42"
iad-kalshi,"raw/2026-07-11/02/ws.jsonl.gz",15659819,2026-07-11T03:00:24.681000+00:00,"0.1.42"
iad-kalshi,"parquet/2026-07-11/02/orderbook_delta.parquet",16440757,2026-07-11T03:00:45.608000+00:00,"0.1.42"
iad-ci,"forgejo/cnpg/forgejo-postgres/base/20260711T030302/data.tar.gz",6554608,2026-07-11T03:03:28.580000+00:00,"0.1.42"
iad-kalshi,"raw/2026-07-11/03/ws.jsonl.gz",17698632,2026-07-11T04:00:26.486000+00:00,"0.1.42"
iad-kalshi,"parquet/2026-07-11/03/orderbook_delta.parquet",18681179,2026-07-11T04:00:51.164000+00:00,"0.1.42"
iad-ci,"forgejo/cnpg/forgejo-postgres/base/20260711T040302/data.tar.gz",6554959,2026-07-11T04:03:27.178000+00:00,"0.1.42"
iad-kalshi,"raw/2026-07-11/04/ws.jsonl.gz",18044905,2026-07-11T05:00:26.937000+00:00,"0.1.42"
iad-kalshi,"parquet/2026-07-11/04/orderbook_delta.parquet",18868711,2026-07-11T05:00:51.479000+00:00,"0.1.42"
iad-ci,"forgejo/cnpg/forgejo-postgres/base/20260711T050302/data.tar.gz",6554984,2026-07-11T05:03:29.968000+00:00,"0.1.42"
iad-kalshi,"raw/2026-07-11/05/ws.jsonl.gz",14691976,2026-07-11T06:00:25.484000+00:00,"0.1.42"
iad-kalshi,"parquet/2026-07-11/05/orderbook_delta.parquet",14777027,2026-07-11T06:00:49.529000+00:00,"0.1.42"
iad-ci,"forgejo/cnpg/forgejo-postgres/base/20260711T060302/data.tar.gz",6554864,2026-07-11T06:03:31.926000+00:00,"0.1.42"
iad-kalshi,"raw/2026-07-11/06/ws.jsonl.gz",15671920,2026-07-11T07:00:26.284000+00:00,"0.1.42"
iad-kalshi,"parquet/2026-07-11/06/orderbook_delta.parquet",16176449,2026-07-11T07:00:47.344000+00:00,"0.1.42"
iad-ci,"forgejo/cnpg/forgejo-postgres/base/20260711T070302/data.tar.gz",6554793,2026-07-11T07:03:28.799000+00:00,"0.1.42"
iad-kalshi,"raw/2026-07-11/07/ws.jsonl.gz",15865079,2026-07-11T08:00:25.046000+00:00,"0.1.42"
iad-kalshi,"parquet/2026-07-11/07/orderbook_delta.parquet",16575321,2026-07-11T08:00:48.156000+00:00,"0.1.42"
iad-ci,"forgejo/cnpg/forgejo-postgres/base/20260711T080302/data.tar.gz",6554770,2026-07-11T08:03:26.915000+00:00,"0.1.42"
iad-kalshi,"raw/2026-07-11/08/ws.jsonl.gz",14113004,2026-07-11T09:00:25.723000+00:00,"0.1.42"
iad-kalshi,"parquet/2026-07-11/08/orderbook_delta.parquet",16020401,2026-07-11T09:00:47.213000+00:00,"0.1.42"
iad-ci,"forgejo/cnpg/forgejo-postgres/base/20260711T090302/data.tar.gz",6554956,2026-07-11T09:03:26.323000+00:00,"0.1.42"
iad-kalshi,"raw/2026-07-11/09/ws.jsonl.gz",13167737,2026-07-11T10:00:25.825000+00:00,"0.1.42"
iad-kalshi,"parquet/2026-07-11/09/orderbook_delta.parquet",14309237,2026-07-11T10:00:44.715000+00:00,"0.1.42"
iad-ci,"forgejo/cnpg/forgejo-postgres/base/20260711T100302/data.tar.gz",6554256,2026-07-11T10:03:26.762000+00:00,"0.1.42"
iad-kalshi,"raw/2026-07-11/10/ws.jsonl.gz",17793165,2026-07-11T11:00:27.193000+00:00,"0.1.42"
iad-kalshi,"parquet/2026-07-11/10/orderbook_delta.parquet",20145105,2026-07-11T11:00:52.783000+00:00,"0.1.42"
iad-ci,"forgejo/cnpg/forgejo-postgres/base/20260711T110302/data.tar.gz",6554572,2026-07-11T11:03:29.107000+00:00,"0.1.42"
iad-kalshi,"raw/2026-07-11/11/ws.jsonl.gz",17174079,2026-07-11T12:00:26.970000+00:00,"0.1.42"
iad-kalshi,"parquet/2026-07-11/11/orderbook_delta.parquet",18553008,2026-07-11T12:00:51.816000+00:00,"0.1.42"
iad-ci,"forgejo/cnpg/forgejo-postgres/base/20260711T120303/data.tar.gz",6552995,2026-07-11T12:03:46.112000+00:00,"0.1.42"
iad-kalshi,"raw/2026-07-11/12/ws.jsonl.gz",20176736,2026-07-11T13:00:27.862000+00:00,"0.1.42"
iad-kalshi,"parquet/2026-07-11/12/orderbook_delta.parquet",21702151,2026-07-11T13:00:54.982000+00:00,"0.1.42"
iad-ci,"forgejo/cnpg/forgejo-postgres/base/20260711T130309/data.tar.gz",6553917,2026-07-11T13:03:45.201000+00:00,"0.1.42"
iad-kalshi,"raw/2026-07-11/13/ws.jsonl.gz",17985297,2026-07-11T14:00:27.292000+00:00,"0.1.42"
iad-kalshi,"parquet/2026-07-11/13/orderbook_delta.parquet",18646707,2026-07-11T14:00:51.848000+00:00,"0.1.42"
iad-ci,"forgejo/cnpg/forgejo-postgres/base/20260711T140302/data.tar.gz",6553594,2026-07-11T14:03:30.877000+00:00,"0.1.42"
iad-kalshi,"raw/2026-07-11/14/ws.jsonl.gz",31156141,2026-07-11T15:00:31.546000+00:00,"0.1.42"
iad-kalshi,"parquet/2026-07-11/14/orderbook_delta.parquet",30870012,2026-07-11T15:01:09.573000+00:00,"0.1.42"
iad-ci,"forgejo/cnpg/forgejo-postgres/base/20260711T150302/data.tar.gz",6555591,2026-07-11T15:03:30.519000+00:00,"0.1.42"
iad-kalshi,"raw/2026-07-11/15/ws.jsonl.gz",31369339,2026-07-11T16:00:32.184000+00:00,"0.1.42"
iad-kalshi,"parquet/2026-07-11/15/orderbook_delta.parquet",30247370,2026-07-11T16:01:11.414000+00:00,"0.1.42"
iad-ci,"forgejo/cnpg/forgejo-postgres/base/20260711T160302/data.tar.gz",6555948,2026-07-11T16:03:32.286000+00:00,"0.1.42"
iad-kalshi,"raw/2026-07-11/16/ws.jsonl.gz",32253743,2026-07-11T17:00:31.908000+00:00,"0.1.42"
iad-kalshi,"parquet/2026-07-11/16/orderbook_delta.parquet",33585650,2026-07-11T17:01:12.339000+00:00,"0.1.42"
iad-ci,"forgejo/cnpg/forgejo-postgres/base/20260711T170305/data.tar.gz",6556109,2026-07-11T17:03:31.894000+00:00,"0.1.42"
iad-kalshi,"raw/2026-07-11/17/ws.jsonl.gz",35454870,2026-07-11T18:00:33.483000+00:00,"0.1.42"
iad-kalshi,"parquet/2026-07-11/17/orderbook_delta.parquet",36204401,2026-07-11T18:01:17.777000+00:00,"0.1.42"
iad-ci,"forgejo/cnpg/forgejo-postgres/base/20260711T180304/data.tar.gz",6555586,2026-07-11T18:04:00.677000+00:00,"0.1.42"
iad-kalshi,"raw/2026-07-11/18/ws.jsonl.gz",38906740,2026-07-11T19:00:35.157000+00:00,"0.1.42"
iad-kalshi,"parquet/2026-07-11/18/orderbook_delta.parquet",41618006,2026-07-11T19:01:25.794000+00:00,"0.1.42"
iad-ci,"forgejo/cnpg/forgejo-postgres/base/20260711T190302/data.tar.gz",6555832,2026-07-11T19:03:28.456000+00:00,"0.1.42"
iad-kalshi,"raw/2026-07-11/19/ws.jsonl.gz",36610724,2026-07-11T20:00:34.528000+00:00,"0.1.42"
iad-kalshi,"parquet/2026-07-11/19/orderbook_delta.parquet",39707924,2026-07-11T20:01:25.298000+00:00,"0.1.42"
iad-ci,"forgejo/cnpg/forgejo-postgres/base/20260711T200302/data.tar.gz",6556312,2026-07-11T20:03:30.555000+00:00,"0.1.42"
iad-kalshi,"raw/2026-07-11/20/ws.jsonl.gz",36813400,2026-07-11T21:00:33.864000+00:00,"0.1.42"
iad-kalshi,"parquet/2026-07-11/20/orderbook_delta.parquet",38990486,2026-07-11T21:01:20.970000+00:00,"0.1.42"
iad-ci,"forgejo/cnpg/forgejo-postgres/base/20260711T210303/data.tar.gz",6556365,2026-07-11T21:03:30.939000+00:00,"0.1.42"
iad-kalshi,"raw/2026-07-11/21/ws.jsonl.gz",27796075,2026-07-11T22:00:32.202000+00:00,"0.1.42"
iad-kalshi,"parquet/2026-07-11/21/orderbook_delta.parquet",30969341,2026-07-11T22:01:09.633000+00:00,"0.1.42"
iad-ci,"forgejo/cnpg/forgejo-postgres/base/20260711T220305/data.tar.gz",6556367,2026-07-11T22:04:04.761000+00:00,"0.1.42"
iad-kalshi,"raw/2026-07-11/22/ws.jsonl.gz",26973920,2026-07-11T23:00:32.289000+00:00,"0.1.42"
iad-kalshi,"parquet/2026-07-11/22/orderbook_delta.parquet",28304186,2026-07-11T23:01:09.218000+00:00,"0.1.42"
iad-ci,"forgejo/cnpg/forgejo-postgres/base/20260711T230302/data.tar.gz",6556338,2026-07-11T23:03:29.233000+00:00,"0.1.42"
iad-kalshi,"raw/2026-07-11/23/ws.jsonl.gz",27278928,2026-07-12T00:00:33.006000+00:00,"0.1.42"
iad-kalshi,"parquet/2026-07-11/23/orderbook_delta.parquet",29504488,2026-07-12T00:01:09.488000+00:00,"0.1.42"
iad-ci,"forgejo/cnpg/forgejo-postgres/base/20260712T000302/data.tar.gz",6557529,2026-07-12T00:03:38.574000+00:00,"0.1.42"
iad-kalshi,"raw/2026-07-12/00/ws.jsonl.gz",29347187,2026-07-12T01:00:32.382000+00:00,"0.1.42"
iad-kalshi,"parquet/2026-07-12/00/orderbook_delta.parquet",32542477,2026-07-12T01:01:43.241000+00:00,"0.1.42"
iad-ci,"forgejo/cnpg/forgejo-postgres/base/20260712T010310/data.tar.gz",6557963,2026-07-12T01:03:45.483000+00:00,"0.1.42"
iad-kalshi,"raw/2026-07-12/01/ws.jsonl.gz",16809942,2026-07-12T02:00:29.603000+00:00,"0.1.42"
iad-kalshi,"parquet/2026-07-12/01/orderbook_delta.parquet",17243898,2026-07-12T02:00:53.763000+00:00,"0.1.42"
iad-ci,"forgejo/cnpg/forgejo-postgres/base/20260712T020302/data.tar.gz",6557588,2026-07-12T02:03:30.418000+00:00,"0.1.42"
iad-kalshi,"raw/2026-07-12/02/ws.jsonl.gz",16224164,2026-07-12T03:00:28.817000+00:00,"0.1.42"
iad-kalshi,"parquet/2026-07-12/02/orderbook_delta.parquet",16249425,2026-07-12T03:00:53.117000+00:00,"0.1.42"
iad-ci,"forgejo/cnpg/forgejo-postgres/base/20260712T030302/data.tar.gz",6557598,2026-07-12T03:03:41.714000+00:00,"0.1.42"
iad-kalshi,"raw/2026-07-12/03/ws.jsonl.gz",16049855,2026-07-12T04:00:29.255000+00:00,"0.1.42"
iad-kalshi,"parquet/2026-07-12/03/orderbook_delta.parquet",15961529,2026-07-12T04:00:53.088000+00:00,"0.1.42"
iad-ci,"forgejo/cnpg/forgejo-postgres/base/20260712T040304/data.tar.gz",6557752,2026-07-12T04:03:44.452000+00:00,"0.1.42"
iad-kalshi,"raw/2026-07-12/04/ws.jsonl.gz",23117136,2026-07-12T05:00:32.103000+00:00,"0.1.42"
iad-kalshi,"parquet/2026-07-12/04/orderbook_delta.parquet",24224710,2026-07-12T05:01:04.570000+00:00,"0.1.42"
iad-ci,"forgejo/cnpg/forgejo-postgres/base/20260712T050302/data.tar.gz",6557830,2026-07-12T05:03:31.799000+00:00,"0.1.42"
iad-kalshi,"raw/2026-07-12/05/ws.jsonl.gz",19918156,2026-07-12T06:00:30.707000+00:00,"0.1.42"
iad-kalshi,"parquet/2026-07-12/05/orderbook_delta.parquet",20641759,2026-07-12T06:00:58.621000+00:00,"0.1.42"
iad-ci,"forgejo/cnpg/forgejo-postgres/base/20260712T060308/data.tar.gz",6557730,2026-07-12T06:03:55.271000+00:00,"0.1.42"
iad-kalshi,"raw/2026-07-12/06/ws.jsonl.gz",19572164,2026-07-12T07:00:31.747000+00:00,"0.1.42"
iad-kalshi,"parquet/2026-07-12/06/orderbook_delta.parquet",21139093,2026-07-12T07:01:20.883000+00:00,"0.1.42"
iad-ci,"forgejo/cnpg/forgejo-postgres/base/20260712T070306/data.tar.gz",6558177,2026-07-12T07:04:00.021000+00:00,"0.1.42"
iad-kalshi,"raw/2026-07-12/07/ws.jsonl.gz",18125868,2026-07-12T08:00:32.004000+00:00,"0.1.42"
iad-kalshi,"parquet/2026-07-12/07/orderbook_delta.parquet",20478686,2026-07-12T08:00:58.816000+00:00,"0.1.42"
iad-ci,"forgejo/cnpg/forgejo-postgres/base/20260712T080304/data.tar.gz",6558310,2026-07-12T08:04:02.977000+00:00,"0.1.42"
iad-kalshi,"raw/2026-07-12/08/ws.jsonl.gz",28474993,2026-07-12T09:00:34.001000+00:00,"0.1.42"
iad-kalshi,"parquet/2026-07-12/08/orderbook_delta.parquet",33715089,2026-07-12T09:01:14.391000+00:00,"0.1.42"
iad-ci,"forgejo/cnpg/forgejo-postgres/base/20260712T090302/data.tar.gz",6558337,2026-07-12T09:03:31.797000+00:00,"0.1.42"
iad-kalshi,"raw/2026-07-12/09/ws.jsonl.gz",15517212,2026-07-12T10:00:30.512000+00:00,"0.1.42"
iad-kalshi,"parquet/2026-07-12/09/orderbook_delta.parquet",16843944,2026-07-12T10:00:53.391000+00:00,"0.1.42"
iad-ci,"forgejo/cnpg/forgejo-postgres/base/20260712T100303/data.tar.gz",6558288,2026-07-12T10:03:43.451000+00:00,"0.1.42"
iad-kalshi,"raw/2026-07-12/10/ws.jsonl.gz",16745522,2026-07-12T11:00:31.025000+00:00,"0.1.42"
iad-kalshi,"parquet/2026-07-12/10/orderbook_delta.parquet",18231507,2026-07-12T11:00:54.691000+00:00,"0.1.42"
iad-ci,"forgejo/cnpg/forgejo-postgres/base/20260712T110303/data.tar.gz",6558092,2026-07-12T11:03:31.373000+00:00,"0.1.42"
iad-kalshi,"raw/2026-07-12/11/ws.jsonl.gz",20203715,2026-07-12T12:00:31.805000+00:00,"0.1.42"
iad-kalshi,"parquet/2026-07-12/11/orderbook_delta.parquet",22305458,2026-07-12T12:01:04.308000+00:00,"0.1.42"
iad-ci,"forgejo/cnpg/forgejo-postgres/base/20260712T120302/data.tar.gz",6558124,2026-07-12T12:03:30.886000+00:00,"0.1.42"
iad-kalshi,"raw/2026-07-12/12/ws.jsonl.gz",20039911,2026-07-12T13:00:32.936000+00:00,"0.1.42"
iad-kalshi,"parquet/2026-07-12/12/orderbook_delta.parquet",21264457,2026-07-12T13:00:59.632000+00:00,"0.1.42"
iad-ci,"forgejo/cnpg/forgejo-postgres/base/20260712T130310/data.tar.gz",6558103,2026-07-12T13:03:43.019000+00:00,"0.1.42"
iad-kalshi,"raw/2026-07-12/13/ws.jsonl.gz",18990827,2026-07-12T14:00:31.229000+00:00,"0.1.42"
iad-kalshi,"parquet/2026-07-12/13/orderbook_delta.parquet",19977433,2026-07-12T14:00:59.952000+00:00,"0.1.42"
iad-ci,"forgejo/cnpg/forgejo-postgres/base/20260712T140305/data.tar.gz",6558229,2026-07-12T14:04:06.516000+00:00,"0.1.42"
iad-kalshi,"raw/2026-07-12/14/ws.jsonl.gz",32057317,2026-07-12T15:00:35.826000+00:00,"0.1.42"
iad-kalshi,"parquet/2026-07-12/14/orderbook_delta.parquet",32901729,2026-07-12T15:01:15.519000+00:00,"0.1.42"
iad-ci,"forgejo/cnpg/forgejo-postgres/base/20260712T150308/data.tar.gz",6558767,2026-07-12T15:03:58.349000+00:00,"0.1.42"
iad-kalshi,"raw/2026-07-12/15/ws.jsonl.gz",34857366,2026-07-12T16:00:37.300000+00:00,"0.1.42"
iad-kalshi,"parquet/2026-07-12/15/orderbook_delta.parquet",36680439,2026-07-12T16:01:21.389000+00:00,"0.1.42"
iad-ci,"forgejo/cnpg/forgejo-postgres/base/20260712T160303/data.tar.gz",6558739,2026-07-12T16:03:37.062000+00:00,"0.1.42"
iad-kalshi,"raw/2026-07-12/16/ws.jsonl.gz",34614138,2026-07-12T17:00:37.164000+00:00,"0.1.42"
iad-kalshi,"parquet/2026-07-12/16/orderbook_delta.parquet",33942585,2026-07-12T17:01:18.061000+00:00,"0.1.42"
iad-ci,"forgejo/cnpg/forgejo-postgres/base/20260712T170305/data.tar.gz",6558752,2026-07-12T17:03:41.868000+00:00,"0.1.42"
iad-kalshi,"raw/2026-07-12/17/ws.jsonl.gz",37641928,2026-07-12T18:00:38.761000+00:00,"0.1.42"
iad-kalshi,"parquet/2026-07-12/17/orderbook_delta.parquet",38418607,2026-07-12T18:01:23.230000+00:00,"0.1.42"
iad-ci,"forgejo/cnpg/forgejo-postgres/base/20260712T180304/data.tar.gz",6558785,2026-07-12T18:04:07.535000+00:00,"0.1.42"
iad-kalshi,"raw/2026-07-12/18/ws.jsonl.gz",33698181,2026-07-12T19:00:37.985000+00:00,"0.1.42"
iad-kalshi,"parquet/2026-07-12/18/orderbook_delta.parquet",33526425,2026-07-12T19:01:19.538000+00:00,"0.1.42"
iad-ci,"forgejo/cnpg/forgejo-postgres/base/20260712T190302/data.tar.gz",6558654,2026-07-12T19:03:30.591000+00:00,"0.1.42"
iad-kalshi,"raw/2026-07-12/19/ws.jsonl.gz",38869878,2026-07-12T20:00:39.481000+00:00,"0.1.42"
iad-kalshi,"parquet/2026-07-12/19/orderbook_delta.parquet",38355998,2026-07-12T20:01:29.357000+00:00,"0.1.42"
iad-ci,"forgejo/cnpg/forgejo-postgres/base/20260712T200303/data.tar.gz",6558819,2026-07-12T20:03:27.702000+00:00,"0.1.42"
iad-kalshi,"raw/2026-07-12/20/ws.jsonl.gz",37614637,2026-07-12T21:00:38.805000+00:00,"0.1.42"
iad-kalshi,"parquet/2026-07-12/20/orderbook_delta.parquet",37292167,2026-07-12T21:01:23.809000+00:00,"0.1.42"
iad-ci,"forgejo/cnpg/forgejo-postgres/base/20260712T210303/data.tar.gz",6558953,2026-07-12T21:03:28.830000+00:00,"0.1.42"
iad-kalshi,"raw/2026-07-12/21/ws.jsonl.gz",37390268,2026-07-12T22:00:40.156000+00:00,"0.1.42"
iad-kalshi,"parquet/2026-07-12/21/orderbook_delta.parquet",38676958,2026-07-12T22:01:32.683000+00:00,"0.1.42"
iad-ci,"forgejo/cnpg/forgejo-postgres/base/20260712T220302/data.tar.gz",6558795,2026-07-12T22:03:30.465000+00:00,"0.1.42"
iad-kalshi,"raw/2026-07-12/22/ws.jsonl.gz",41660540,2026-07-12T23:00:41.639000+00:00,"0.1.42"
iad-kalshi,"parquet/2026-07-12/22/orderbook_delta.parquet",43691742,2026-07-12T23:01:43.305000+00:00,"0.1.42"
iad-ci,"forgejo/cnpg/forgejo-postgres/base/20260712T230303/data.tar.gz",6558630,2026-07-12T23:03:30.710000+00:00,"0.1.42"
iad-kalshi,"raw/2026-07-12/23/ws.jsonl.gz",35237456,2026-07-13T00:00:39.003000+00:00,"0.1.42"
iad-kalshi,"parquet/2026-07-12/23/orderbook_delta.parquet",37699465,2026-07-13T00:01:27.143000+00:00,"0.1.42"
iad-ci,"forgejo/cnpg/forgejo-postgres/base/20260713T000302/data.tar.gz",6558617,2026-07-13T00:03:33.636000+00:00,"0.1.42"
iad-kalshi,"raw/2026-07-13/00/ws.jsonl.gz",23453728,2026-07-13T01:00:35.458000+00:00,"0.1.42"
iad-kalshi,"parquet/2026-07-13/00/orderbook_delta.parquet",22928274,2026-07-13T01:01:05.882000+00:00,"0.1.42"
iad-ci,"forgejo/cnpg/forgejo-postgres/base/20260713T010302/data.tar.gz",6558971,2026-07-13T01:03:30.993000+00:00,"0.1.42"
iad-kalshi,"raw/2026-07-13/01/ws.jsonl.gz",24030107,2026-07-13T02:00:37.077000+00:00,"0.1.42"
iad-kalshi,"parquet/2026-07-13/01/orderbook_delta.parquet",23300946,2026-07-13T02:01:15.609000+00:00,"0.1.42"
iad-ci,"forgejo/cnpg/forgejo-postgres/base/20260713T020302/data.tar.gz",6558938,2026-07-13T02:03:31.226000+00:00,"0.1.42"
iad-kalshi,"raw/2026-07-13/02/ws.jsonl.gz",28054084,2026-07-13T03:00:38.211000+00:00,"0.1.42"
iad-kalshi,"parquet/2026-07-13/02/orderbook_delta.parquet",27107011,2026-07-13T03:01:12.691000+00:00,"0.1.42"
iad-ci,"forgejo/cnpg/forgejo-postgres/base/20260713T030302/data.tar.gz",6558643,2026-07-13T03:03:30.145000+00:00,"0.1.42"
iad-kalshi,"raw/2026-07-13/03/ws.jsonl.gz",30820337,2026-07-13T04:00:39.778000+00:00,"0.1.42"
iad-kalshi,"parquet/2026-07-13/03/orderbook_delta.parquet",31563324,2026-07-13T04:01:33.407000+00:00,"0.1.42"
iad-ci,"forgejo/cnpg/forgejo-postgres/base/20260713T040304/data.tar.gz",6558837,2026-07-13T04:04:10.467000+00:00,"0.1.42"
iad-kalshi,"raw/2026-07-13/04/ws.jsonl.gz",21108270,2026-07-13T05:00:36.660000+00:00,"0.1.42"
iad-kalshi,"parquet/2026-07-13/04/orderbook_delta.parquet",20234802,2026-07-13T05:01:03.597000+00:00,"0.1.42"
iad-ci,"forgejo/cnpg/forgejo-postgres/base/20260713T050307/data.tar.gz",6558736,2026-07-13T05:03:44.945000+00:00,"0.1.42"
iad-kalshi,"raw/2026-07-13/05/ws.jsonl.gz",25602127,2026-07-13T06:00:40.235000+00:00,"0.1.42"
iad-kalshi,"parquet/2026-07-13/05/orderbook_delta.parquet",27130440,2026-07-13T06:01:15.092000+00:00,"0.1.42"
iad-ci,"forgejo/cnpg/forgejo-postgres/base/20260713T060306/data.tar.gz",6557375,2026-07-13T06:04:06.184000+00:00,"0.1.42"
iad-kalshi,"raw/2026-07-13/06/ws.jsonl.gz",32256889,2026-07-13T07:00:40.484000+00:00,"0.1.42"
iad-kalshi,"parquet/2026-07-13/06/orderbook_delta.parquet",36724324,2026-07-13T07:01:30.903000+00:00,"0.1.42"
iad-ci,"forgejo/cnpg/forgejo-postgres/base/20260713T070302/data.tar.gz",6557199,2026-07-13T07:03:34.634000+00:00,"0.1.42"
iad-kalshi,"raw/2026-07-13/07/ws.jsonl.gz",27547959,2026-07-13T08:00:40.044000+00:00,"0.1.42"
iad-kalshi,"parquet/2026-07-13/07/orderbook_delta.parquet",30765462,2026-07-13T08:01:18.365000+00:00,"0.1.42"
iad-ci,"forgejo/cnpg/forgejo-postgres/base/20260713T080302/data.tar.gz",6557444,2026-07-13T08:03:28.956000+00:00,"0.1.42"
iad-kalshi,"raw/2026-07-13/08/ws.jsonl.gz",28192193,2026-07-13T09:00:39.208000+00:00,"0.1.42"
iad-kalshi,"parquet/2026-07-13/08/orderbook_delta.parquet",31471566,2026-07-13T09:01:21.864000+00:00,"0.1.42"
iad-ci,"forgejo/cnpg/forgejo-postgres/base/20260713T090302/data.tar.gz",6557583,2026-07-13T09:03:31.989000+00:00,"0.1.42"
iad-kalshi,"raw/2026-07-13/09/ws.jsonl.gz",26565024,2026-07-13T10:00:39.763000+00:00,"0.1.42"
iad-kalshi,"parquet/2026-07-13/09/orderbook_delta.parquet",29043275,2026-07-13T10:01:16.850000+00:00,"0.1.42"
iad-ci,"forgejo/cnpg/forgejo-postgres/base/20260713T100302/data.tar.gz",6557538,2026-07-13T10:03:29.897000+00:00,"0.1.42"
iad-kalshi,"raw/2026-07-13/10/ws.jsonl.gz",29885402,2026-07-13T11:00:11.148000+00:00,"0.1.42"
iad-kalshi,"parquet/2026-07-13/10/orderbook_delta.parquet",34476688,2026-07-13T11:00:51.333000+00:00,"0.1.42"
iad-ci,"forgejo/cnpg/forgejo-postgres/base/20260713T110304/data.tar.gz",6556781,2026-07-13T11:03:32.069000+00:00,"0.1.42"
iad-kalshi,"raw/2026-07-13/11/ws.jsonl.gz",30306825,2026-07-13T12:00:11.635000+00:00,"0.1.42"
iad-kalshi,"parquet/2026-07-13/11/orderbook_delta.parquet",33497627,2026-07-13T12:00:51.705000+00:00,"0.1.42"
iad-ci,"forgejo/cnpg/forgejo-postgres/base/20260713T120304/data.tar.gz",6557189,2026-07-13T12:03:32.116000+00:00,"0.1.42"
iad-kalshi,"raw/2026-07-13/12/ws.jsonl.gz",29244614,2026-07-13T13:00:10.854000+00:00,"0.1.42"
iad-kalshi,"parquet/2026-07-13/12/orderbook_delta.parquet",31127587,2026-07-13T13:00:50.334000+00:00,"0.1.42"
iad-ci,"forgejo/cnpg/forgejo-postgres/base/20260713T130304/data.tar.gz",6557332,2026-07-13T13:03:52.965000+00:00,"0.1.42"
iad-kalshi,"raw/2026-07-13/13/ws.jsonl.gz",31932562,2026-07-13T14:00:11.738000+00:00,"0.1.42"
iad-kalshi,"parquet/2026-07-13/13/orderbook_delta.parquet",35450193,2026-07-13T14:01:04.861000+00:00,"0.1.42"
iad-ci,"forgejo/cnpg/forgejo-postgres/base/20260713T140313/data.tar.gz",6557158,2026-07-13T14:03:44.141000+00:00,"0.1.42"
iad-kalshi,"raw/2026-07-13/14/ws.jsonl.gz",51562906,2026-07-13T15:00:19.148000+00:00,"0.1.42"
iad-kalshi,"parquet/2026-07-13/14/orderbook_delta.parquet",53826623,2026-07-13T15:01:26.674000+00:00,"0.1.42"
iad-ci,"forgejo/cnpg/forgejo-postgres/base/20260713T150302/data.tar.gz",6557027,2026-07-13T15:03:29.119000+00:00,"0.1.42"
iad-kalshi,"raw/2026-07-13/15/ws.jsonl.gz",55022825,2026-07-13T16:00:22.705000+00:00,"0.1.42"
iad-kalshi,"parquet/2026-07-13/15/orderbook_delta.parquet",59842461,2026-07-13T16:01:37.962000+00:00,"0.1.42"
iad-ci,"forgejo/cnpg/forgejo-postgres/base/20260713T160302/data.tar.gz",6557731,2026-07-13T16:03:33.343000+00:00,"0.1.42"
iad-kalshi,"raw/2026-07-13/16/ws.jsonl.gz",55018498,2026-07-13T17:00:22.489000+00:00,"0.1.42"
iad-kalshi,"parquet/2026-07-13/16/orderbook_delta.parquet",60550363,2026-07-13T17:01:37.568000+00:00,"0.1.42"
iad-ci,"forgejo/cnpg/forgejo-postgres/base/20260713T170302/data.tar.gz",6557907,2026-07-13T17:03:32.328000+00:00,"0.1.42"
iad-kalshi,"raw/2026-07-13/17/ws.jsonl.gz",51153278,2026-07-13T18:00:19.551000+00:00,"0.1.42"
iad-kalshi,"parquet/2026-07-13/17/orderbook_delta.parquet",55219551,2026-07-13T18:01:29.800000+00:00,"0.1.42"
iad-ci,"forgejo/cnpg/forgejo-postgres/base/20260713T180302/data.tar.gz",6557826,2026-07-13T18:03:30.918000+00:00,"0.1.42"
iad-kalshi,"raw/2026-07-13/18/ws.jsonl.gz",59702355,2026-07-13T19:00:24.127000+00:00,"0.1.42"
iad-kalshi,"parquet/2026-07-13/18/orderbook_delta.parquet",66155518,2026-07-13T19:01:43.933000+00:00,"0.1.42"
iad-ci,"forgejo/cnpg/forgejo-postgres/base/20260713T190302/data.tar.gz",6558563,2026-07-13T19:03:36.867000+00:00,"0.1.42"
iad-kalshi,"raw/2026-07-13/19/ws.jsonl.gz",60754770,2026-07-13T20:00:25.291000+00:00,"0.1.42"
iad-kalshi,"parquet/2026-07-13/19/orderbook_delta.parquet",67927250,2026-07-13T20:01:48.497000+00:00,"0.1.42"
iad-ci,"forgejo/cnpg/forgejo-postgres/base/20260713T200302/data.tar.gz",6559012,2026-07-13T20:03:33.090000+00:00,"0.1.42"
iad-kalshi,"raw/2026-07-13/20/ws.jsonl.gz",51359223,2026-07-13T21:00:23.989000+00:00,"0.1.42"
iad-kalshi,"parquet/2026-07-13/20/orderbook_delta.parquet",55394914,2026-07-13T21:01:32.839000+00:00,"0.1.42"
iad-ci,"forgejo/cnpg/forgejo-postgres/base/20260713T210306/data.tar.gz",6558988,2026-07-13T21:03:52.772000+00:00,"0.1.42"
iad-kalshi,"raw/2026-07-13/21/ws.jsonl.gz",50540081,2026-07-13T22:00:24.825000+00:00,"0.1.42"
iad-kalshi,"parquet/2026-07-13/21/orderbook_delta.parquet",58071572,2026-07-13T22:01:36.904000+00:00,"0.1.42"
iad-ci,"forgejo/cnpg/forgejo-postgres/base/20260713T220302/data.tar.gz",6558975,2026-07-13T22:03:28.225000+00:00,"0.1.42"
iad-kalshi,"raw/2026-07-13/22/ws.jsonl.gz",48757111,2026-07-13T23:00:24.571000+00:00,"0.1.42"
iad-kalshi,"parquet/2026-07-13/22/orderbook_delta.parquet",56306807,2026-07-13T23:01:30.376000+00:00,"0.1.42"
iad-ci,"forgejo/cnpg/forgejo-postgres/base/20260713T230306/data.tar.gz",6564927,2026-07-13T23:03:37.822000+00:00,"0.1.42"
iad-kalshi,"raw/2026-07-13/23/ws.jsonl.gz",35624265,2026-07-14T00:00:16.547000+00:00,"0.1.42"
iad-kalshi,"parquet/2026-07-13/23/orderbook_delta.parquet",40061437,2026-07-14T00:01:05.299000+00:00,"0.1.42"
iad-ci,"forgejo/cnpg/forgejo-postgres/base/20260714T000305/data.tar.gz",6565041,2026-07-14T00:04:03.055000+00:00,"0.1.42"
iad-kalshi,"raw/2026-07-14/00/ws.jsonl.gz",22533767,2026-07-14T01:00:12.898000+00:00,"0.1.42"
iad-kalshi,"parquet/2026-07-14/00/orderbook_delta.parquet",23993337,2026-07-14T01:00:50.099000+00:00,"0.1.42"
iad-ci,"forgejo/cnpg/forgejo-postgres/base/20260714T010302/data.tar.gz",6566135,2026-07-14T01:03:38.355000+00:00,"0.1.42"
iad-kalshi,"raw/2026-07-14/01/ws.jsonl.gz",17907227,2026-07-14T02:00:11.687000+00:00,"0.1.42"
iad-kalshi,"parquet/2026-07-14/01/orderbook_delta.parquet",18281536,2026-07-14T02:00:41.199000+00:00,"0.1.42"
iad-ci,"forgejo/cnpg/forgejo-postgres/base/20260714T020302/data.tar.gz",6569243,2026-07-14T02:03:28.632000+00:00,"0.1.42"
iad-kalshi,"raw/2026-07-14/02/ws.jsonl.gz",22755786,2026-07-14T03:00:14.610000+00:00,"0.1.42"
iad-kalshi,"parquet/2026-07-14/02/orderbook_delta.parquet",23556977,2026-07-14T03:00:46.943000+00:00,"0.1.42"
iad-ci,"forgejo/cnpg/forgejo-postgres/base/20260714T030305/data.tar.gz",6570476,2026-07-14T03:04:02.614000+00:00,"0.1.42"
iad-kalshi,"raw/2026-07-14/03/ws.jsonl.gz",20819951,2026-07-14T04:00:11.717000+00:00,"0.1.42"
iad-kalshi,"parquet/2026-07-14/03/orderbook_delta.parquet",22309487,2026-07-14T04:00:40.947000+00:00,"0.1.42"
iad-ci,"forgejo/cnpg/forgejo-postgres/base/20260714T040303/data.tar.gz",6572229,2026-07-14T04:03:31.596000+00:00,"0.1.42"
iad-kalshi,"raw/2026-07-14/04/ws.jsonl.gz",21523969,2026-07-14T05:00:11.711000+00:00,"0.1.42"
iad-kalshi,"parquet/2026-07-14/04/orderbook_delta.parquet",22841048,2026-07-14T05:00:45.910000+00:00,"0.1.42"
iad-ci,"forgejo/cnpg/forgejo-postgres/base/20260714T050304/data.tar.gz",6571708,2026-07-14T05:03:33.361000+00:00,"0.1.42"
iad-kalshi,"raw/2026-07-14/05/ws.jsonl.gz",27000812,2026-07-14T06:00:13.525000+00:00,"0.1.42"
iad-kalshi,"parquet/2026-07-14/05/orderbook_delta.parquet",29379487,2026-07-14T06:01:37.578000+00:00,"0.1.42"
iad-ci,"forgejo/cnpg/forgejo-postgres/base/20260714T060303/data.tar.gz",6573763,2026-07-14T06:03:36.987000+00:00,"0.1.42"
iad-kalshi,"raw/2026-07-14/06/ws.jsonl.gz",33153683,2026-07-14T07:00:16.965000+00:00,"0.1.42"
iad-kalshi,"parquet/2026-07-14/06/orderbook_delta.parquet",38772190,2026-07-14T07:01:05.393000+00:00,"0.1.42"
iad-ci,"forgejo/cnpg/forgejo-postgres/base/20260714T070320/data.tar.gz",6575206,2026-07-14T07:06:21.505000+00:00,"0.1.42"
iad-kalshi,"raw/2026-07-14/07/ws.jsonl.gz",27128243,2026-07-14T08:00:15.885000+00:00,"0.1.42"
iad-kalshi,"parquet/2026-07-14/07/orderbook_delta.parquet",31492024,2026-07-14T08:00:54.479000+00:00,"0.1.42"
iad-ci,"forgejo/cnpg/forgejo-postgres/base/20260714T080321/data.tar.gz",6578279,2026-07-14T08:04:46.804000+00:00,"0.1.42"
iad-kalshi,"raw/2026-07-14/08/ws.jsonl.gz",27391064,2026-07-14T09:00:16.092000+00:00,"0.1.42"
iad-kalshi,"parquet/2026-07-14/08/orderbook_delta.parquet",31330602,2026-07-14T09:00:52.919000+00:00,"0.1.42"
iad-ci,"forgejo/cnpg/forgejo-postgres/base/20260714T090302/data.tar.gz",6580733,2026-07-14T09:03:29.541000+00:00,"0.1.42"
iad-kalshi,"raw/2026-07-14/09/ws.jsonl.gz",24356993,2026-07-14T10:00:14.174000+00:00,"0.1.42"
iad-kalshi,"parquet/2026-07-14/09/orderbook_delta.parquet",27207430,2026-07-14T10:00:46.751000+00:00,"0.1.42"
iad-ci,"forgejo/cnpg/forgejo-postgres/base/20260714T100302/data.tar.gz",6582262,2026-07-14T10:03:44.683000+00:00,"0.1.42"
iad-kalshi,"raw/2026-07-14/10/ws.jsonl.gz",21746116,2026-07-14T11:00:14.154000+00:00,"0.1.42"
iad-kalshi,"parquet/2026-07-14/10/orderbook_delta.parquet",24556682,2026-07-14T11:00:44.600000+00:00,"0.1.42"
iad-ci,"forgejo/cnpg/forgejo-postgres/base/20260714T110319/data.tar.gz",6586664,2026-07-14T11:03:52.945000+00:00,"0.1.42"
iad-kalshi,"raw/2026-07-14/11/ws.jsonl.gz",22219654,2026-07-14T12:00:14.553000+00:00,"0.1.42"
iad-kalshi,"parquet/2026-07-14/11/orderbook_delta.parquet",24877320,2026-07-14T12:00:45.665000+00:00,"0.1.42"
iad-ci,"forgejo/cnpg/forgejo-postgres/base/20260714T120304/data.tar.gz",6589829,2026-07-14T12:03:32.199000+00:00,"0.1.42"
iad-kalshi,"raw/2026-07-14/12/ws.jsonl.gz",22103605,2026-07-14T13:00:14.791000+00:00,"0.1.42"
iad-kalshi,"parquet/2026-07-14/12/orderbook_delta.parquet",23827982,2026-07-14T13:00:43.728000+00:00,"0.1.42"
iad-ci,"forgejo/cnpg/forgejo-postgres/base/20260714T130303/data.tar.gz",6591759,2026-07-14T13:03:36.815000+00:00,"0.1.42"
iad-kalshi,"raw/2026-07-14/13/ws.jsonl.gz",21098675,2026-07-14T14:00:14.484000+00:00,"0.1.42"
iad-kalshi,"parquet/2026-07-14/13/orderbook_delta.parquet",22202663,2026-07-14T14:00:43.654000+00:00,"0.1.42"
iad-ci,"forgejo/cnpg/forgejo-postgres/base/20260714T140302/data.tar.gz",6592899,2026-07-14T14:03:29.074000+00:00,"0.1.42"
iad-kalshi,"raw/2026-07-14/14/ws.jsonl.gz",42910540,2026-07-14T15:00:27.300000+00:00,"0.1.42"
iad-kalshi,"parquet/2026-07-14/14/orderbook_delta.parquet",44532469,2026-07-14T15:01:21.633000+00:00,"0.1.42"
iad-ci,"forgejo/cnpg/forgejo-postgres/base/20260714T150304/data.tar.gz",6593630,2026-07-14T15:04:14.446000+00:00,"0.1.42"
iad-kalshi,"raw/2026-07-14/15/ws.jsonl.gz",40597835,2026-07-14T16:00:21.550000+00:00,"0.1.42"
iad-kalshi,"parquet/2026-07-14/15/orderbook_delta.parquet",42759371,2026-07-14T16:01:13.186000+00:00,"0.1.42"
iad-ci,"forgejo/cnpg/forgejo-postgres/base/20260714T160307/data.tar.gz",6593724,2026-07-14T16:03:44.901000+00:00,"0.1.42"
iad-kalshi,"raw/2026-07-14/16/ws.jsonl.gz",38177100,2026-07-14T17:00:19.547000+00:00,"0.1.42"
iad-kalshi,"parquet/2026-07-14/16/orderbook_delta.parquet",39722071,2026-07-14T17:01:09.217000+00:00,"0.1.42"
iad-ci,"forgejo/cnpg/forgejo-postgres/base/20260714T170328/data.tar.gz",6594056,2026-07-14T17:07:51.778000+00:00,"0.1.42"
iad-kalshi,"raw/2026-07-14/17/ws.jsonl.gz",43497004,2026-07-14T18:00:22.142000+00:00,"0.1.42"
iad-kalshi,"parquet/2026-07-14/17/orderbook_delta.parquet",45392690,2026-07-14T18:01:17.195000+00:00,"0.1.42"
iad-ci,"forgejo/cnpg/forgejo-postgres/base/20260714T180303/data.tar.gz",6594403,2026-07-14T18:03:33.242000+00:00,"0.1.42"
iad-kalshi,"raw/2026-07-14/18/ws.jsonl.gz",46192378,2026-07-14T19:00:23.386000+00:00,"0.1.42"
iad-kalshi,"parquet/2026-07-14/18/orderbook_delta.parquet",50196783,2026-07-14T19:01:22.687000+00:00,"0.1.42"
iad-ci,"forgejo/cnpg/forgejo-postgres/base/20260714T190303/data.tar.gz",6595891,2026-07-14T19:03:35.898000+00:00,"0.1.42"
iad-kalshi,"raw/2026-07-14/19/ws.jsonl.gz",41586015,2026-07-14T20:00:21.836000+00:00,"0.1.42"
iad-kalshi,"parquet/2026-07-14/19/orderbook_delta.parquet",42727351,2026-07-14T20:01:14.231000+00:00,"0.1.42"
iad-ci,"forgejo/cnpg/forgejo-postgres/base/20260714T200303/data.tar.gz",6607089,2026-07-14T20:03:34.068000+00:00,"0.1.42"
iad-kalshi,"raw/2026-07-14/20/ws.jsonl.gz",50610006,2026-07-14T21:00:28.828000+00:00,"0.1.42"
iad-kalshi,"parquet/2026-07-14/20/orderbook_delta.parquet",53533183,2026-07-14T21:01:35.013000+00:00,"0.1.42"
iad-ci,"forgejo/cnpg/forgejo-postgres/base/20260714T210332/data.tar.gz",6610886,2026-07-14T21:07:25.930000+00:00,"0.1.42"
iad-kalshi,"raw/2026-07-14/21/ws.jsonl.gz",51922334,2026-07-14T22:00:29.303000+00:00,"0.1.42"
iad-kalshi,"parquet/2026-07-14/21/orderbook_delta.parquet",57423187,2026-07-14T22:01:37.137000+00:00,"0.1.42"
iad-ci,"forgejo/cnpg/forgejo-postgres/base/20260714T220325/data.tar.gz",6622167,2026-07-14T22:08:32.465000+00:00,"0.1.42"
iad-kalshi,"raw/2026-07-14/22/ws.jsonl.gz",39564385,2026-07-14T23:00:22.808000+00:00,"0.1.42"
iad-kalshi,"parquet/2026-07-14/22/orderbook_delta.parquet",44364339,2026-07-14T23:01:14.978000+00:00,"0.1.42"
iad-ci,"forgejo/cnpg/forgejo-postgres/base/20260714T230303/data.tar.gz",6628603,2026-07-14T23:03:34.256000+00:00,"0.1.42"
iad-kalshi,"raw/2026-07-14/23/ws.jsonl.gz",34743910,2026-07-15T00:00:21.019000+00:00,"0.1.42"
iad-kalshi,"parquet/2026-07-14/23/orderbook_delta.parquet",37678299,2026-07-15T00:01:09.475000+00:00,"0.1.42"
iad-ci,"forgejo/cnpg/forgejo-postgres/base/20260715T000302/data.tar.gz",6628526,2026-07-15T00:03:35.227000+00:00,"0.1.42"
iad-kalshi,"raw/2026-07-15/00/ws.jsonl.gz",37199043,2026-07-15T01:00:23.280000+00:00,"0.1.42"
iad-kalshi,"parquet/2026-07-15/00/orderbook_delta.parquet",38705664,2026-07-15T01:01:09.089000+00:00,"0.1.42"
iad-ci,"forgejo/cnpg/forgejo-postgres/base/20260715T010331/data.tar.gz",6629437,2026-07-15T01:04:39.427000+00:00,"0.1.42"
iad-kalshi,"raw/2026-07-15/01/ws.jsonl.gz",27574537,2026-07-15T02:00:19.080000+00:00,"0.1.42"
iad-kalshi,"parquet/2026-07-15/01/orderbook_delta.parquet",26366531,2026-07-15T02:00:58.145000+00:00,"0.1.42"
iad-ci,"forgejo/cnpg/forgejo-postgres/base/20260715T020320/data.tar.gz",6635212,2026-07-15T02:03:50.587000+00:00,"0.1.42"
iad-kalshi,"raw/2026-07-15/02/ws.jsonl.gz",25052656,2026-07-15T03:00:18.786000+00:00,"0.1.42"
iad-kalshi,"parquet/2026-07-15/02/orderbook_delta.parquet",23297812,2026-07-15T03:00:49.776000+00:00,"0.1.42"
iad-ci,"forgejo/cnpg/forgejo-postgres/base/20260715T030303/data.tar.gz",6637506,2026-07-15T03:03:34.088000+00:00,"0.1.42"
iad-kalshi,"raw/2026-07-15/03/ws.jsonl.gz",25767391,2026-07-15T04:00:18.781000+00:00,"0.1.42"
iad-kalshi,"parquet/2026-07-15/03/orderbook_delta.parquet",24379259,2026-07-15T04:00:48.551000+00:00,"0.1.42"
iad-ci,"forgejo/cnpg/forgejo-postgres/base/20260715T040321/data.tar.gz",6643422,2026-07-15T04:07:39.463000+00:00,"0.1.42"
iad-kalshi,"raw/2026-07-15/04/ws.jsonl.gz",25812223,2026-07-15T05:00:18.820000+00:00,"0.1.42"
iad-kalshi,"parquet/2026-07-15/04/orderbook_delta.parquet",25609775,2026-07-15T05:00:57.797000+00:00,"0.1.42"
iad-ci,"forgejo/cnpg/forgejo-postgres/base/20260715T050309/data.tar.gz",6648240,2026-07-15T05:04:51.679000+00:00,"0.1.42"
iad-kalshi,"raw/2026-07-15/05/ws.jsonl.gz",20768181,2026-07-15T06:00:18.222000+00:00,"0.1.42"
iad-kalshi,"parquet/2026-07-15/05/orderbook_delta.parquet",20430767,2026-07-15T06:00:44.234000+00:00,"0.1.42"
iad-ci,"forgejo/cnpg/forgejo-postgres/base/20260715T060302/data.tar.gz",6650682,2026-07-15T06:03:28.945000+00:00,"0.1.42"
iad-kalshi,"raw/2026-07-15/06/ws.jsonl.gz",26147850,2026-07-15T07:00:20.540000+00:00,"0.1.42"
iad-kalshi,"parquet/2026-07-15/06/orderbook_delta.parquet",27253383,2026-07-15T07:00:55.895000+00:00,"0.1.42"
iad-ci,"forgejo/cnpg/forgejo-postgres/base/20260715T070303/data.tar.gz",6652556,2026-07-15T07:03:44.988000+00:00,"0.1.42"
iad-kalshi,"raw/2026-07-15/07/ws.jsonl.gz",24063151,2026-07-15T08:00:19.058000+00:00,"0.1.42"
iad-kalshi,"parquet/2026-07-15/07/orderbook_delta.parquet",25347480,2026-07-15T08:00:53.554000+00:00,"0.1.42"
iad-ci,"forgejo/cnpg/forgejo-postgres/base/20260715T080303/data.tar.gz",6653324,2026-07-15T08:03:33.275000+00:00,"0.1.42"
iad-kalshi,"raw/2026-07-15/08/ws.jsonl.gz",24022119,2026-07-15T09:00:20.088000+00:00,"0.1.42"
iad-kalshi,"parquet/2026-07-15/08/orderbook_delta.parquet",25731047,2026-07-15T09:00:53.067000+00:00,"0.1.42"
iad-ci,"forgejo/cnpg/forgejo-postgres/base/20260715T090305/data.tar.gz",6653510,2026-07-15T09:03:33.337000+00:00,"0.1.42"
iad-kalshi,"raw/2026-07-15/09/ws.jsonl.gz",20235181,2026-07-15T10:00:19.498000+00:00,"0.1.42"
iad-kalshi,"parquet/2026-07-15/09/orderbook_delta.parquet",22063555,2026-07-15T10:00:49.314000+00:00,"0.1.42"
iad-ci,"forgejo/cnpg/forgejo-postgres/base/20260715T100302/data.tar.gz",6653319,2026-07-15T10:03:30.825000+00:00,"0.1.42"
iad-kalshi,"raw/2026-07-15/10/ws.jsonl.gz",20736869,2026-07-15T11:00:20.435000+00:00,"0.1.42"
iad-kalshi,"parquet/2026-07-15/10/orderbook_delta.parquet",22211894,2026-07-15T11:00:47.862000+00:00,"0.1.42"
iad-ci,"forgejo/cnpg/forgejo-postgres/base/20260715T110302/data.tar.gz",6653243,2026-07-15T11:03:28.573000+00:00,"0.1.42"
iad-kalshi,"raw/2026-07-15/11/ws.jsonl.gz",23774704,2026-07-15T12:00:21.195000+00:00,"0.1.42"
iad-kalshi,"parquet/2026-07-15/11/orderbook_delta.parquet",24601150,2026-07-15T12:00:52.261000+00:00,"0.1.42"
iad-ci,"forgejo/cnpg/forgejo-postgres/base/20260715T120302/data.tar.gz",6655740,2026-07-15T12:03:31.795000+00:00,"0.1.42"
iad-kalshi,"raw/2026-07-15/12/ws.jsonl.gz",26788430,2026-07-15T13:00:22.558000+00:00,"0.1.42"
iad-kalshi,"parquet/2026-07-15/12/orderbook_delta.parquet",28394772,2026-07-15T13:01:00.063000+00:00,"0.1.42"
iad-ci,"forgejo/cnpg/forgejo-postgres/base/20260715T130302/data.tar.gz",6659000,2026-07-15T13:03:33.708000+00:00,"0.1.42"
iad-kalshi,"raw/2026-07-15/13/ws.jsonl.gz",30406383,2026-07-15T14:00:25.491000+00:00,"0.1.42"
iad-kalshi,"parquet/2026-07-15/13/orderbook_delta.parquet",32954382,2026-07-15T14:01:06.990000+00:00,"0.1.42"
iad-ci,"forgejo/cnpg/forgejo-postgres/base/20260715T140302/data.tar.gz",6658982,2026-07-15T14:03:28.735000+00:00,"0.1.42"
iad-kalshi,"raw/2026-07-15/14/ws.jsonl.gz",46023870,2026-07-15T15:00:29.530000+00:00,"0.1.42"
iad-kalshi,"parquet/2026-07-15/14/orderbook_delta.parquet",48327796,2026-07-15T15:01:26.765000+00:00,"0.1.42"
iad-ci,"forgejo/cnpg/forgejo-postgres/base/20260715T150302/data.tar.gz",6659537,2026-07-15T15:03:29.341000+00:00,"0.1.42"
iad-kalshi,"raw/2026-07-15/15/ws.jsonl.gz",39461815,2026-07-15T16:00:27.813000+00:00,"0.1.42"
iad-kalshi,"parquet/2026-07-15/15/orderbook_delta.parquet",41702730,2026-07-15T16:01:17.413000+00:00,"0.1.42"
iad-ci,"forgejo/cnpg/forgejo-postgres/base/20260715T160302/data.tar.gz",6662230,2026-07-15T16:03:29.953000+00:00,"0.1.42"
iad-kalshi,"raw/2026-07-15/16/ws.jsonl.gz",44977430,2026-07-15T17:00:31.444000+00:00,"0.1.42"
iad-kalshi,"parquet/2026-07-15/16/orderbook_delta.parquet",47514002,2026-07-15T17:01:29.004000+00:00,"0.1.42"
iad-ci,"forgejo/cnpg/forgejo-postgres/base/20260715T170302/data.tar.gz",6662244,2026-07-15T17:03:35.778000+00:00,"0.1.42"
iad-kalshi,"raw/2026-07-15/17/ws.jsonl.gz",47468645,2026-07-15T18:00:43.612000+00:00,"0.1.42"
iad-kalshi,"parquet/2026-07-15/17/orderbook_delta.parquet",50490588,2026-07-15T18:01:43.490000+00:00,"0.1.42"
iad-ci,"forgejo/cnpg/forgejo-postgres/base/20260715T180302/data.tar.gz",6662280,2026-07-15T18:03:30.596000+00:00,"0.1.42"
iad-kalshi,"raw/2026-07-15/18/ws.jsonl.gz",51651269,2026-07-15T19:00:35.498000+00:00,"0.1.42"
iad-kalshi,"parquet/2026-07-15/18/orderbook_delta.parquet",54654586,2026-07-15T19:01:39.622000+00:00,"0.1.42"
iad-ci,"forgejo/cnpg/forgejo-postgres/base/20260715T190302/data.tar.gz",6662553,2026-07-15T19:03:29.999000+00:00,"0.1.42"
iad-kalshi,"raw/2026-07-15/19/ws.jsonl.gz",47654906,2026-07-15T20:00:34.243000+00:00,"0.1.42"
iad-kalshi,"parquet/2026-07-15/19/orderbook_delta.parquet",51058456,2026-07-15T20:01:34.506000+00:00,"0.1.42"
iad-ci,"forgejo/cnpg/forgejo-postgres/base/20260715T200302/data.tar.gz",6662545,2026-07-15T20:03:28.005000+00:00,"0.1.42"
iad-kalshi,"raw/2026-07-15/20/ws.jsonl.gz",36790855,2026-07-15T21:00:27.441000+00:00,"0.1.42"
iad-kalshi,"parquet/2026-07-15/20/orderbook_delta.parquet",37498041,2026-07-15T21:01:12.860000+00:00,"0.1.42"
iad-ci,"forgejo/cnpg/forgejo-postgres/base/20260715T210302/data.tar.gz",6662619,2026-07-15T21:03:31.163000+00:00,"0.1.42"
iad-kalshi,"raw/2026-07-15/21/ws.jsonl.gz",43454087,2026-07-15T22:00:30.257000+00:00,"0.1.42"
iad-kalshi,"parquet/2026-07-15/21/orderbook_delta.parquet",46101576,2026-07-15T22:01:27.910000+00:00,"0.1.42"
iad-ci,"forgejo/cnpg/forgejo-postgres/base/20260715T220303/data.tar.gz",6663830,2026-07-15T22:03:31.328000+00:00,"0.1.42"
iad-kalshi,"raw/2026-07-15/22/ws.jsonl.gz",51721103,2026-07-15T23:00:36.131000+00:00,"0.1.42"
iad-kalshi,"parquet/2026-07-15/22/orderbook_delta.parquet",58330303,2026-07-15T23:01:42.078000+00:00,"0.1.42"
iad-ci,"forgejo/cnpg/forgejo-postgres/base/20260715T230302/data.tar.gz",6663786,2026-07-15T23:03:28.747000+00:00,"0.1.42"
iad-kalshi,"raw/2026-07-15/23/ws.jsonl.gz",35991834,2026-07-16T00:00:29.135000+00:00,"0.1.42"
iad-kalshi,"parquet/2026-07-15/23/orderbook_delta.parquet",37100419,2026-07-16T00:01:13.830000+00:00,"0.1.42"
iad-ci,"forgejo/cnpg/forgejo-postgres/base/20260716T000302/data.tar.gz",6663684,2026-07-16T00:03:32.193000+00:00,"0.1.42"
iad-kalshi,"raw/2026-07-16/00/ws.jsonl.gz",32403803,2026-07-16T01:00:26.769000+00:00,"0.1.42"
iad-kalshi,"parquet/2026-07-16/00/orderbook_delta.parquet",34204113,2026-07-16T01:01:07.635000+00:00,"0.1.42"
iad-ci,"forgejo/cnpg/forgejo-postgres/base/20260716T010302/data.tar.gz",6663721,2026-07-16T01:03:30.335000+00:00,"0.1.42"
iad-kalshi,"raw/2026-07-16/01/ws.jsonl.gz",25631193,2026-07-16T02:00:26.045000+00:00,"0.1.42"
iad-kalshi,"parquet/2026-07-16/01/orderbook_delta.parquet",26170212,2026-07-16T02:00:59.228000+00:00,"0.1.42"
iad-ci,"forgejo/cnpg/forgejo-postgres/base/20260716T020302/data.tar.gz",6666084,2026-07-16T02:03:28.118000+00:00,"0.1.42"
iad-kalshi,"raw/2026-07-16/02/ws.jsonl.gz",36181112,2026-07-16T03:00:28.715000+00:00,"0.1.42"
iad-kalshi,"parquet/2026-07-16/02/orderbook_delta.parquet",38575367,2026-07-16T03:01:14.028000+00:00,"0.1.42"
iad-ci,"forgejo/cnpg/forgejo-postgres/base/20260716T030302/data.tar.gz",6668941,2026-07-16T03:03:31.096000+00:00,"0.1.42"
iad-kalshi,"raw/2026-07-16/03/ws.jsonl.gz",35177490,2026-07-16T04:00:40.598000+00:00,"0.1.42"
iad-kalshi,"parquet/2026-07-16/03/orderbook_delta.parquet",38900454,2026-07-16T04:01:49.872000+00:00,"0.1.42"
iad-ci,"forgejo/cnpg/forgejo-postgres/base/20260716T040302/data.tar.gz",6673333,2026-07-16T04:03:36.049000+00:00,"0.1.42"
iad-kalshi,"raw/2026-07-16/04/ws.jsonl.gz",27730675,2026-07-16T05:00:27.302000+00:00,"0.1.42"
iad-kalshi,"parquet/2026-07-16/04/orderbook_delta.parquet",29872314,2026-07-16T05:02:07.221000+00:00,"0.1.42"
iad-ci,"forgejo/cnpg/forgejo-postgres/base/20260716T050302/data.tar.gz",6674809,2026-07-16T05:03:34.073000+00:00,"0.1.42"
iad-kalshi,"raw/2026-07-16/05/ws.jsonl.gz",30165117,2026-07-16T06:00:29.593000+00:00,"0.1.42"
iad-kalshi,"parquet/2026-07-16/05/orderbook_delta.parquet",32969892,2026-07-16T06:01:37.968000+00:00,"0.1.42"
iad-ci,"forgejo/cnpg/forgejo-postgres/base/20260716T060303/data.tar.gz",6675453,2026-07-16T06:03:31.681000+00:00,"0.1.42"
iad-kalshi,"raw/2026-07-16/06/ws.jsonl.gz",33525445,2026-07-16T07:00:28.706000+00:00,"0.1.42"
iad-kalshi,"parquet/2026-07-16/06/orderbook_delta.parquet",38654719,2026-07-16T07:01:12.980000+00:00,"0.1.42"
iad-ci,"forgejo/cnpg/forgejo-postgres/base/20260716T070304/data.tar.gz",6675491,2026-07-16T07:03:39.535000+00:00,"0.1.42"
iad-ci,"forgejo/cnpg/forgejo-postgres/base/20260716T080304/data.tar.gz",6675409,2026-07-16T08:03:35.151000+00:00,"0.1.42"
iad-ci,"forgejo/cnpg/forgejo-postgres/base/20260716T090302/data.tar.gz",6675314,2026-07-16T09:03:29.207000+00:00,"0.1.42"
iad-kalshi,"raw/2026-07-16/09/ws.jsonl.gz",15735989,2026-07-16T10:00:23.095000+00:00,"0.1.42"
iad-kalshi,"parquet/2026-07-16/09/orderbook_delta.parquet",14589434,2026-07-16T10:00:42.766000+00:00,"0.1.42"
iad-ci,"forgejo/cnpg/forgejo-postgres/base/20260716T100302/data.tar.gz",6675439,2026-07-16T10:03:34.364000+00:00,"0.1.42"
iad-kalshi,"raw/2026-07-16/10/ws.jsonl.gz",14048584,2026-07-16T11:00:23.464000+00:00,"0.1.42"
iad-kalshi,"parquet/2026-07-16/10/orderbook_delta.parquet",12360630,2026-07-16T11:00:42.601000+00:00,"0.1.42"
iad-ci,"forgejo/cnpg/forgejo-postgres/base/20260716T110302/data.tar.gz",6675414,2026-07-16T11:03:30.995000+00:00,"0.1.42"
iad-kalshi,"raw/2026-07-16/11/ws.jsonl.gz",16725148,2026-07-16T12:00:24.199000+00:00,"0.1.42"
iad-kalshi,"parquet/2026-07-16/11/orderbook_delta.parquet",15635065,2026-07-16T12:00:47.812000+00:00,"0.1.42"
iad-ci,"forgejo/cnpg/forgejo-postgres/base/20260716T120302/data.tar.gz",6675405,2026-07-16T12:03:31.449000+00:00,"0.1.42"
iad-kalshi,"raw/2026-07-16/12/ws.jsonl.gz",28330476,2026-07-16T13:00:28.618000+00:00,"0.1.42"
iad-kalshi,"parquet/2026-07-16/12/orderbook_delta.parquet",31729302,2026-07-16T13:01:07.065000+00:00,"0.1.42"
iad-ci,"forgejo/cnpg/forgejo-postgres/base/20260716T130302/data.tar.gz",6675175,2026-07-16T13:03:29.553000+00:00,"0.1.42"
iad-kalshi,"raw/2026-07-16/13/ws.jsonl.gz",30417235,2026-07-16T14:00:29.159000+00:00,"0.1.42"
iad-kalshi,"parquet/2026-07-16/13/orderbook_delta.parquet",34498803,2026-07-16T14:01:12.694000+00:00,"0.1.42"
iad-ci,"forgejo/cnpg/forgejo-postgres/base/20260716T140302/data.tar.gz",6670911,2026-07-16T14:03:28.556000+00:00,"0.1.42"
iad-kalshi,"raw/2026-07-16/14/ws.jsonl.gz",47094376,2026-07-16T15:00:38.371000+00:00,"0.1.42"
iad-kalshi,"parquet/2026-07-16/14/orderbook_delta.parquet",51235697,2026-07-16T15:01:40.303000+00:00,"0.1.42"
iad-ci,"forgejo/cnpg/forgejo-postgres/base/20260716T150302/data.tar.gz",6685454,2026-07-16T15:03:31.210000+00:00,"0.1.42"
iad-kalshi,"raw/2026-07-16/15/ws.jsonl.gz",49861206,2026-07-16T16:00:40.003000+00:00,"0.1.42"
iad-kalshi,"parquet/2026-07-16/15/orderbook_delta.parquet",57376530,2026-07-16T16:01:46.592000+00:00,"0.1.42"
iad-ci,"forgejo/cnpg/forgejo-postgres/base/20260716T160303/data.tar.gz",6687348,2026-07-16T16:03:33.836000+00:00,"0.1.42"
iad-ci,"forgejo/storage/packages/d8/73/d873512d20aadb089a5ae8d83a60ebe09f830d11353323c91cce6a02e5ee435d",9052423,2026-07-16T16:20:39.574000+00:00,"0.1.42"
iad-ci,"forgejo/storage/packages/b8/b6/b8b69aa31c1da6128d7074b0019b356b403af19f0392068433dd1094401edc1c",9103734,2026-07-16T16:44:42.280000+00:00,"0.1.42"
iad-kalshi,"raw/2026-07-16/16/ws.jsonl.gz",40832424,2026-07-16T17:00:36.680000+00:00,"0.1.42"
iad-kalshi,"parquet/2026-07-16/16/orderbook_delta.parquet",47095364,2026-07-16T17:01:34.013000+00:00,"0.1.42"
iad-ci,"forgejo/cnpg/forgejo-postgres/base/20260716T170302/data.tar.gz",6729006,2026-07-16T17:03:32.125000+00:00,"0.1.42"
iad-kalshi,"raw/2026-07-16/17/ws.jsonl.gz",52154286,2026-07-16T18:00:38.580000+00:00,"0.1.42"
iad-kalshi,"parquet/2026-07-16/17/orderbook_delta.parquet",58358663,2026-07-16T18:01:48.301000+00:00,"0.1.42"
iad-ci,"forgejo/cnpg/forgejo-postgres/base/20260716T180302/data.tar.gz",6729347,2026-07-16T18:03:49.838000+00:00,"0.1.42"
iad-kalshi,"raw/2026-07-16/18/ws.jsonl.gz",58574778,2026-07-16T19:00:44.344000+00:00,"0.1.42"
iad-kalshi,"parquet/2026-07-16/18/orderbook_delta.parquet",65480905,2026-07-16T19:02:02.095000+00:00,"0.1.42"
iad-ci,"forgejo/cnpg/forgejo-postgres/base/20260716T190302/data.tar.gz",6730213,2026-07-16T19:03:34.247000+00:00,"0.1.42"
iad-kalshi,"raw/2026-07-16/19/ws.jsonl.gz",47226658,2026-07-16T20:00:39.087000+00:00,"0.1.42"
iad-kalshi,"parquet/2026-07-16/19/orderbook_delta.parquet",52414349,2026-07-16T20:01:41.453000+00:00,"0.1.42"
iad-ci,"forgejo/cnpg/forgejo-postgres/base/20260716T200303/data.tar.gz",6730862,2026-07-16T20:03:31.883000+00:00,"0.1.42"
iad-kalshi,"raw/2026-07-16/20/ws.jsonl.gz",49952587,2026-07-16T21:00:39.575000+00:00,"0.1.42"
iad-kalshi,"parquet/2026-07-16/20/orderbook_delta.parquet",55376322,2026-07-16T21:01:45.726000+00:00,"0.1.42"
iad-ci,"forgejo/cnpg/forgejo-postgres/base/20260716T210302/data.tar.gz",6731010,2026-07-16T21:03:30.691000+00:00,"0.1.42"
iad-kalshi,"raw/2026-07-16/21/ws.jsonl.gz",43637633,2026-07-16T22:00:39.171000+00:00,"0.1.42"
iad-kalshi,"parquet/2026-07-16/21/orderbook_delta.parquet",49952280,2026-07-16T22:01:38.234000+00:00,"0.1.42"
iad-ci,"forgejo/cnpg/forgejo-postgres/base/20260716T220302/data.tar.gz",6731030,2026-07-16T22:03:28.415000+00:00,"0.1.42"
iad-kalshi,"raw/2026-07-16/22/ws.jsonl.gz",34166620,2026-07-16T23:00:31.289000+00:00,"0.1.42"
iad-kalshi,"parquet/2026-07-16/22/orderbook_delta.parquet",39364150,2026-07-16T23:01:16.184000+00:00,"0.1.42"
iad-ci,"forgejo/cnpg/forgejo-postgres/base/20260716T230302/data.tar.gz",6730852,2026-07-16T23:03:29.350000+00:00,"0.1.42"
